                  epoch,         train/box_loss,         train/seg_loss,         train/cls_loss,         train/dfl_loss,   metrics/precision(B),      metrics/recall(B),       metrics/mAP50(B),    metrics/mAP50-95(B),   metrics/precision(M),      metrics/recall(M),       metrics/mAP50(M),    metrics/mAP50-95(M),           val/box_loss,           val/seg_loss,           val/cls_loss,           val/dfl_loss,                 lr/pg0,                 lr/pg1,                 lr/pg2
                      1,                  2.064,                 3.4171,                  4.794,                  1.964,                 0.5722,                    0.5,                0.08313,                0.07465,                 0.5722,                    0.5,                0.08292,                0.08292,                 3.4503,                 6.1956,                  6.574,                  2.947,             0.00013336,             0.00013336,             0.00013336
                      2,                 2.4749,                 3.9602,                 16.451,                   1.94,                0.00067,                0.06667,                0.00034,                  9e-05,                      0,                      0,                      0,                      0,                    nan,                    nan,                    nan,                    nan,             0.00028283,             0.00028283,             0.00028283
                      3,                 3.0704,                 3.8415,                  4.912,                 2.4619,                0.00067,                0.06667,                0.00034,                  9e-05,                      0,                      0,                      0,                      0,                    nan,                    nan,                    nan,                    nan,              0.0004317,              0.0004317,              0.0004317
                      4,                 3.0355,                 3.6654,                 3.8032,                 2.4151,                0.00067,                0.06667,                0.00034,                  9e-05,                      0,                      0,                      0,                      0,                    nan,                    nan,                    nan,                    nan,             0.00057998,             0.00057998,             0.00057998
                      5,                 2.9256,                  3.183,                 3.4015,                 2.3523,                0.00067,                0.06667,                0.00034,                  9e-05,                      0,                      0,                      0,                      0,                    nan,                    nan,                    nan,                    nan,             0.00072767,             0.00072767,             0.00072767
                      6,                 3.1119,                 3.3508,                 2.9459,                 2.2341,                0.00067,                0.06667,                0.00034,                  9e-05,                      0,                      0,                      0,                      0,                    nan,                    nan,                    nan,                    nan,             0.00087476,             0.00087476,             0.00087476
                      7,                 2.8601,                 3.1743,                 2.9195,                 2.1519,                0.00067,                0.06667,                0.00034,                  9e-05,                      0,                      0,                      0,                      0,                    nan,                    nan,                    nan,                    nan,              0.0010213,              0.0010213,              0.0010213
                      8,                 2.8748,                 2.6506,                 2.8393,                 2.1003,                0.00067,                0.06667,                0.00034,                  9e-05,                      0,                      0,                      0,                      0,                    nan,                    nan,                    nan,                    nan,              0.0011672,              0.0011672,              0.0011672
                      9,                 2.7858,                 3.0371,                 2.5718,                 2.0398,                0.00067,                0.06667,                0.00034,                  9e-05,                      0,                      0,                      0,                      0,                    nan,                    nan,                    nan,                    nan,              0.0013125,              0.0013125,              0.0013125
                     10,                 2.7309,                 2.6704,                  2.501,                 2.1561,                0.00067,                0.06667,                0.00034,                  9e-05,                      0,                      0,                      0,                      0,                    nan,                    nan,                    nan,                    nan,              0.0014572,              0.0014572,              0.0014572
                     11,                 2.6123,                 2.5202,                 2.3919,                 2.0163,                0.00067,                0.06667,                0.00034,                  9e-05,                      0,                      0,                      0,                      0,                    nan,                    nan,                    nan,                    nan,              0.0016013,              0.0016013,              0.0016013
                     12,                 2.7418,                 2.6517,                 2.4745,                 1.9804,                0.00067,                0.06667,                0.00034,                  9e-05,                      0,                      0,                      0,                      0,                    nan,                    nan,                    nan,                    nan,              0.0016307,              0.0016307,              0.0016307
                     13,                 2.5621,                 2.7109,                 2.4224,                 2.0177,                0.00067,                0.06667,                0.00034,                  9e-05,                      0,                      0,                      0,                      0,                    nan,                    nan,                    nan,                    nan,              0.0016274,              0.0016274,              0.0016274
                     14,                 2.5043,                 2.5323,                  2.418,                 2.0855,                0.00067,                0.06667,                0.00034,                  9e-05,                      0,                      0,                      0,                      0,                    nan,                    nan,                    nan,                    nan,              0.0016241,              0.0016241,              0.0016241
                     15,                 2.5471,                 2.5236,                  2.456,                 2.0483,                0.00067,                0.06667,                0.00034,                  9e-05,                      0,                      0,                      0,                      0,                    nan,                    nan,                    nan,                    nan,              0.0016208,              0.0016208,              0.0016208
                     16,                 2.4262,                 2.3424,                 2.4252,                 2.0461,                0.00067,                0.06667,                0.00034,                  9e-05,                      0,                      0,                      0,                      0,                    nan,                    nan,                    nan,                    nan,              0.0016175,              0.0016175,              0.0016175
                     17,                 2.3963,                 2.3524,                 2.3354,                 1.9405,                0.00067,                0.06667,                0.00034,                  9e-05,                      0,                      0,                      0,                      0,                    nan,                    nan,                    nan,                    nan,              0.0016142,              0.0016142,              0.0016142
                     18,                 2.3581,                  2.164,                 2.3914,                 2.0578,                 0.5064,                0.11667,                0.00433,                0.00108,                0.50425,                0.08333,                0.00213,                 0.0007,                 3.5843,                 12.833,                 54.039,                 4.7176,              0.0016109,              0.0016109,              0.0016109
                     19,                 2.3242,                 2.0514,                 2.2987,                 1.9024,                0.00939,                0.18156,                0.00535,                 0.0012,                0.00668,                0.11667,                0.00304,                 0.0007,                 3.4164,                 12.558,                 15.744,                 5.7224,              0.0016076,              0.0016076,              0.0016076
                     20,                 2.2453,                 1.9531,                 2.1888,                 1.8037,                0.03396,                0.01667,                0.00359,                0.00114,                0.03396,                0.01667,                 0.0046,                0.00108,                 2.9579,                 8.3632,                 26.994,                 2.9304,              0.0016043,              0.0016043,              0.0016043
                     21,                 2.2629,                 2.2519,                 2.2582,                 1.9731,                0.02204,                0.61667,                0.01291,                0.00404,                0.02489,                0.63333,                0.01454,                0.00481,                 2.8363,                 4.7476,                 10.427,                 2.7547,               0.001601,               0.001601,               0.001601
                     22,                 2.3363,                  2.202,                 2.2227,                 2.0081,                0.01337,                   0.15,                0.00991,                0.00271,                  0.025,                    0.2,                0.01742,                0.00498,                 2.9468,                 5.0197,                 12.459,                 3.2284,              0.0015977,              0.0015977,              0.0015977
                     23,                 2.2192,                 2.1885,                 2.3015,                 2.0224,                0.01337,                   0.15,                0.00991,                0.00271,                  0.025,                    0.2,                0.01742,                0.00498,                    nan,                    nan,                    nan,                    nan,              0.0015944,              0.0015944,              0.0015944
                     24,                    2.2,                 1.8946,                 2.2214,                 1.9253,                0.01337,                   0.15,                0.00991,                0.00271,                  0.025,                    0.2,                0.01742,                0.00498,                    nan,                    nan,                    nan,                    nan,              0.0015911,              0.0015911,              0.0015911
                     25,                 2.1144,                 1.8681,                 2.1681,                 1.8826,                0.03636,                0.08333,                0.01023,                 0.0028,                0.04761,                0.13333,                0.01967,                0.00391,                    nan,                    nan,                    nan,                    nan,              0.0015878,              0.0015878,              0.0015878
                     26,                 2.2175,                 2.2474,                 2.2692,                 1.9495,                0.03636,                0.08333,                0.01023,                 0.0028,                0.04761,                0.13333,                0.01967,                0.00391,                 5.7962,                 6.8217,                 53.988,                 6.8822,              0.0015845,              0.0015845,              0.0015845
                     27,                 2.0619,                  2.116,                 2.2252,                 1.9336,                0.50354,                0.13333,                 0.0028,                0.00078,                0.50533,                0.13333,                0.00264,                0.00088,                 3.2281,                 4.7008,                 12.719,                 2.2971,              0.0015812,              0.0015812,              0.0015812
                     28,                 2.1237,                 2.1822,                 2.1551,                 1.9114,                0.00327,                0.11667,                0.01238,                0.00174,                0.00455,                    0.1,                 0.0019,                0.00061,                 3.3946,                 5.0956,                 4.7118,                 2.4088,              0.0015779,              0.0015779,              0.0015779
                     29,                 2.0818,                  1.903,                 2.0322,                 1.9165,                0.50861,                0.03333,                0.50306,                0.10624,                0.50972,                0.03333,                0.10491,                0.01668,                 3.7092,                 3.7859,                 6.9692,                  2.463,              0.0015746,              0.0015746,              0.0015746
                     30,                 2.0667,                 1.7075,                 2.0073,                 1.8161,                0.00083,                0.63333,                0.00296,                 0.0011,                0.50076,                0.03333,                0.00268,                0.00039,                 3.5504,                 5.6984,                 7.6843,                  2.431,              0.0015713,              0.0015713,              0.0015713
                     31,                 2.1132,                 1.7853,                 1.9915,                 1.8187,                0.00083,                0.63333,                0.00296,                 0.0011,                0.50076,                0.03333,                0.00268,                0.00039,                 4.0023,                 10.346,                 8.2744,                 7.2057,               0.001568,               0.001568,               0.001568
                     32,                 2.1152,                 1.6726,                 2.0585,                 1.8478,                0.00083,                0.63333,                0.00296,                 0.0011,                0.50076,                0.03333,                0.00268,                0.00039,                 5.9608,                 7.3542,                 7.2317,                 13.608,              0.0015647,              0.0015647,              0.0015647
                     33,                 2.0678,                 1.7496,                 2.0381,                 1.8406,                0.00081,                0.58333,                0.00231,                0.00058,                0.00044,                0.53333,                0.00206,                0.00041,                 3.9109,                 5.8562,                 5.0456,                 6.2101,              0.0015614,              0.0015614,              0.0015614
                     34,                 1.9912,                 1.7482,                 1.9653,                 1.7389,                0.00042,                   0.05,                0.00015,                  2e-05,                0.00042,                   0.05,                0.00015,                  2e-05,                  3.868,                 4.9168,                 24.094,                 2.3999,              0.0015581,              0.0015581,              0.0015581
                     35,                 2.0652,                 1.9023,                 1.9324,                 1.7936,                 0.0002,                   0.05,                0.00012,                  5e-05,                      0,                      0,                      0,                      0,                 4.3182,                 6.4388,                 43.023,                  4.015,              0.0015548,              0.0015548,              0.0015548
                     36,                 2.1155,                  1.681,                 1.8867,                 1.7527,                0.00998,                0.21667,                0.00747,                0.00295,                0.00892,                0.11667,                0.00741,                0.00241,                 2.6909,                 6.4224,                 4.3254,                 2.3787,              0.0015515,              0.0015515,              0.0015515
                     37,                 2.0568,                 1.8779,                 1.9096,                 1.8163,                0.00235,                0.11667,                0.00252,                0.00089,                0.00268,                0.13333,                0.00295,                0.00094,                 3.6236,                 8.9878,                 4.0376,                 2.6295,              0.0015482,              0.0015482,              0.0015482
                     38,                 2.0797,                 1.7315,                 1.9493,                 1.7277,                 0.5428,                0.01667,                0.00965,                0.00112,                0.63354,                0.01667,                0.01761,                0.00704,                 4.7356,                 16.078,                 5.8211,                  4.391,              0.0015449,              0.0015449,              0.0015449
                     39,                 1.9999,                 1.6896,                 1.9213,                  1.771,                0.00126,                0.56667,                0.00388,                0.00045,                0.00029,                0.01667,                0.00077,                  8e-05,                 4.5775,                 13.792,                  5.813,                 3.9312,              0.0015416,              0.0015416,              0.0015416
                     40,                 1.9636,                 1.7987,                 2.0442,                 1.8694,                0.61599,                0.11667,                0.10135,                0.03123,                0.69179,                0.16667,                0.14725,                0.05206,                 2.7091,                 3.9579,                 2.4929,                 2.1861,              0.0015383,              0.0015383,              0.0015383
                     41,                 2.0256,                 1.8513,                 1.9354,                 1.8038,                0.61991,                 0.1315,                0.06828,                 0.0207,                0.68072,                0.19816,                 0.1463,                0.04494,                 2.4292,                 1.7058,                 2.5697,                 2.0406,               0.001535,               0.001535,               0.001535
                     42,                 1.9171,                 1.6437,                 1.8592,                 1.8271,                0.61237,                   0.15,                0.08183,                0.03124,                0.63604,                0.18333,                0.12452,                 0.0502,                 2.6635,                 1.9056,                 2.9496,                 2.2185,              0.0015317,              0.0015317,              0.0015317
                     43,                 1.9939,                 1.8872,                 1.8596,                 1.7339,                0.63931,                    0.1,                0.10659,                0.03636,                0.72711,                0.18042,                0.19527,                0.07044,                 2.7134,                 1.6997,                  2.242,                 2.2724,              0.0015284,              0.0015284,              0.0015284
                     44,                 2.0279,                 1.6324,                 1.8577,                 1.8022,                0.63458,                0.11667,                0.07051,                 0.0224,                0.70987,                0.13333,                0.13467,                0.05158,                 3.3272,                 2.6221,                 2.8285,                 2.4773,              0.0015251,              0.0015251,              0.0015251
                     45,                 2.1364,                 1.6566,                 1.8554,                 1.8616,                0.00172,                0.21667,                0.01164,                0.00176,                0.00093,                0.11667,                0.00344,                0.00082,                 3.7722,                 5.8132,                 3.3592,                 2.9581,              0.0015218,              0.0015218,              0.0015218
                     46,                 1.9886,                   1.53,                 1.7646,                 1.8597,                0.00523,                0.16667,                0.00459,                0.00122,                0.00575,                0.18333,                0.00477,                 0.0011,                 3.5067,                 3.3228,                 4.2675,                 2.9513,              0.0015185,              0.0015185,              0.0015185
                     47,                 2.0103,                 1.5953,                 1.8138,                 1.8038,                0.51196,                0.03333,                0.00494,                0.00084,                0.51196,                0.03333,                0.00538,                0.00117,                  3.105,                 3.7501,                 4.6572,                 2.3205,              0.0015152,              0.0015152,              0.0015152
                     48,                 2.0862,                 1.6211,                 1.7476,                   1.76,                0.62653,                0.11667,                0.07222,                0.01575,                0.71199,                0.11667,                0.11483,                0.03315,                 2.9878,                 5.2131,                 3.2727,                 2.3176,              0.0015119,              0.0015119,              0.0015119
                     49,                 1.9469,                 1.4808,                  1.773,                 1.7858,                0.79816,                0.03333,                0.04784,                0.01745,                0.79816,                0.03333,                0.04157,                0.01941,                 2.8086,                 8.7033,                 4.3967,                 2.2887,              0.0015086,              0.0015086,              0.0015086
                     50,                 2.0442,                 1.7219,                  1.792,                 1.7255,                0.12761,                0.13333,                0.08079,                 0.0296,                0.13456,                0.13333,                0.08851,                0.04448,                  2.775,                 6.8594,                 4.5313,                 2.3267,              0.0015053,              0.0015053,              0.0015053
                     51,                 1.9482,                 1.5771,                 1.7196,                 1.7251,                0.10523,                0.01667,                0.03132,                0.00792,                0.10523,                0.01667,                0.02991,                0.01119,                  2.817,                 11.426,                 4.2391,                 2.2238,               0.001502,               0.001502,               0.001502
                     52,                 1.8732,                 1.6334,                 1.6902,                 1.7342,                0.50535,                   0.15,                0.00295,                0.00088,                0.50476,                0.13333,                0.00193,                0.00062,                  2.981,                   16.4,                 5.7601,                 2.4022,              0.0014987,              0.0014987,              0.0014987
                     53,                 2.0418,                 1.7964,                 1.8425,                 1.6932,                0.61629,                0.16667,                0.06461,                0.01468,                0.66256,                0.13333,                0.10942,                 0.0523,                 2.9861,                 8.1799,                 3.2885,                 2.3362,              0.0014954,              0.0014954,              0.0014954
                     54,                  2.006,                 1.4302,                 1.7467,                 1.7706,                0.57913,                0.18333,                0.05359,                 0.0159,                0.58934,                0.11667,                0.08805,                  0.041,                 2.8586,                 4.2037,                 2.4365,                  2.374,              0.0014921,              0.0014921,              0.0014921
                     55,                 2.0085,                  1.665,                 1.7181,                  1.741,                0.63295,                0.13333,                0.07895,                 0.0258,                0.66998,                0.16667,                0.12798,                 0.0566,                 2.4619,                 2.0204,                 2.9124,                 2.2717,              0.0014888,              0.0014888,              0.0014888
                     56,                 2.0155,                 1.5111,                 1.7529,                 1.7239,                0.10318,                0.23333,                0.18407,                0.04376,                0.14434,                   0.25,                0.14882,                0.06956,                 2.4139,                 1.9761,                 3.0304,                 2.2045,              0.0014855,              0.0014855,              0.0014855
                     57,                 1.8381,                 1.5276,                 1.6941,                 1.7209,                0.05293,                0.86667,                0.06409,                0.01969,                0.11153,                   0.55,                0.16675,                  0.039,                 2.4028,                  1.953,                 3.1467,                 2.1102,              0.0014822,              0.0014822,              0.0014822
                     58,                 1.8777,                  1.467,                 1.7163,                 1.6995,                0.56178,                   0.05,                0.01734,                0.00471,                0.56445,                    0.1,                0.04919,                 0.0159,                 3.4157,                  2.075,                 3.3927,                   2.05,              0.0014789,              0.0014789,              0.0014789
                     59,                  1.899,                 1.5321,                 1.6758,                 1.7258,                0.59446,                0.18333,                0.09734,                0.03471,                0.42342,                    0.9,                0.65725,                0.12502,                 2.3391,                 1.8999,                 2.2451,                 2.0686,              0.0014756,              0.0014756,              0.0014756
                     60,                 1.8974,                 1.8049,                 1.6236,                 1.7102,                0.56506,                0.18333,                0.08461,                0.02662,                0.61581,                0.18333,                0.15667,                0.05974,                 2.5281,                 1.7261,                 2.4939,                 2.1532,              0.0014723,              0.0014723,              0.0014723
                     61,                  1.934,                  1.588,                 1.7118,                  1.807,                0.63434,                0.26667,                0.10799,                0.03515,                0.65678,                    0.3,                0.18126,                0.06143,                 2.3588,                  1.807,                 2.5159,                 2.1103,               0.001469,               0.001469,               0.001469
                     62,                 1.8426,                 1.5595,                 1.5655,                 1.6589,                0.61355,                0.11667,                   0.15,                0.06702,                 0.2011,                0.88333,                0.33029,                0.09931,                 2.3378,                 1.7761,                 2.1895,                 2.1277,              0.0014657,              0.0014657,              0.0014657
                     63,                 1.9156,                 1.5516,                 1.6997,                 1.6979,                0.26047,                0.85539,                0.40723,                0.22868,                0.25323,                0.81487,                0.48337,                0.14086,                 2.3554,                 1.7628,                 2.1169,                 2.0193,              0.0014624,              0.0014624,              0.0014624
                     64,                  1.898,                  1.564,                 1.7152,                  1.694,                  0.513,                0.52809,                0.57744,                0.17701,                0.42733,                0.51667,                0.56978,                0.27821,                 2.4773,                 1.9637,                 2.2584,                 2.1016,              0.0014591,              0.0014591,              0.0014591
                     65,                 1.8819,                 1.4872,                 1.7251,                 1.7168,                 0.1416,                    0.9,                0.18613,                0.06929,                0.14139,                0.86667,                0.19713,                 0.0583,                 2.4553,                 1.7178,                 2.4938,                 2.3657,              0.0014558,              0.0014558,              0.0014558
                     66,                 1.9519,                 1.6496,                 1.7424,                 1.7762,                0.09475,                0.91667,                0.35968,                0.14593,                0.67569,                0.18333,                 0.3787,                 0.1728,                 2.5597,                 2.4656,                 4.9868,                 2.1061,              0.0014525,              0.0014525,              0.0014525
                     67,                 1.9339,                 1.4052,                 1.7621,                 1.7642,                0.58225,                0.18333,                0.09432,                0.02668,                0.57966,                0.21667,                0.05335,                0.01741,                 2.3551,                 3.7686,                 4.3172,                 2.0939,              0.0014492,              0.0014492,              0.0014492
                     68,                 1.8808,                 1.3049,                 1.6397,                  1.697,                0.07354,                0.18333,                0.11733,                0.03815,                0.66266,                   0.25,                0.15894,                0.04092,                 2.4604,                 2.0793,                  3.024,                 1.9754,              0.0014459,              0.0014459,              0.0014459
                     69,                 1.9161,                 1.4302,                 1.5695,                 1.6589,                0.09447,                0.26667,                0.10665,                0.03301,                 0.6443,                    0.2,                0.15354,                0.05511,                  2.412,                 2.2101,                 2.8642,                 2.0725,              0.0014426,              0.0014426,              0.0014426
                     70,                 1.8227,                 1.5061,                 1.5591,                 1.6416,                0.07338,                0.08333,                0.02958,                 0.0081,                0.60793,                0.06667,                0.05073,                0.01859,                  2.678,                 5.7315,                 3.7542,                 2.2582,              0.0014393,              0.0014393,              0.0014393
                     71,                 1.8282,                 1.5253,                 1.5479,                 1.6485,                 0.5534,                    0.2,                0.05998,                0.02641,                0.57581,                0.26667,                0.08139,                0.03925,                 2.5565,                 2.8615,                 3.3654,                 2.0109,               0.001436,               0.001436,               0.001436
                     72,                 1.8802,                 1.4381,                 1.5753,                 1.6923,                0.62463,                0.26667,                0.21755,                0.07035,                0.65342,                0.30993,                0.29176,                0.12594,                 2.1488,                 1.6951,                 2.3227,                  1.971,              0.0014327,              0.0014327,              0.0014327
                     73,                 1.7939,                  1.431,                 1.5543,                 1.6489,                0.15004,                0.93333,                0.25763,                0.10776,                 0.7151,                0.26667,                0.31291,                0.13387,                 2.2106,                 1.9594,                 2.5358,                 2.0034,              0.0014294,              0.0014294,              0.0014294
                     74,                 1.7568,                 1.3526,                 1.4945,                 1.6285,                0.18586,                0.91667,                0.37129,                0.19094,                0.19951,                   0.95,                0.31405,                0.15682,                 2.2142,                 1.8879,                 2.1267,                 1.9398,              0.0014261,              0.0014261,              0.0014261
                     75,                 1.8163,                 1.3838,                 1.4607,                 1.6576,                0.19557,                    0.9,                0.61475,                0.29435,                0.29607,                    0.9,                0.63574,                0.26984,                 2.2515,                 1.4493,                 2.0463,                 1.9863,              0.0014228,              0.0014228,              0.0014228
                     76,                 1.8866,                 1.4523,                  1.509,                  1.649,                0.61639,                   0.25,                0.18355,                0.05198,                0.66022,                0.31667,                 0.2393,                0.09144,                 2.2678,                 1.5097,                 2.1859,                 1.9892,              0.0014195,              0.0014195,              0.0014195
                     77,                 1.9391,                 1.3702,                 1.5479,                 1.6663,                0.59377,                0.26667,                0.14403,                0.03467,                0.61263,                    0.3,                0.16951,                0.06869,                 2.2857,                 1.6233,                 4.2197,                 1.9961,              0.0014161,              0.0014161,              0.0014161
                     78,                 1.8166,                 1.4283,                 1.5529,                 1.7626,                0.21603,                0.77042,                0.40091,                0.10825,                0.21603,                0.77042,                0.40217,                0.08562,                 2.2629,                 1.8288,                 2.0581,                 2.0117,              0.0014128,              0.0014128,              0.0014128
                     79,                 1.8068,                 1.4604,                 1.4516,                 1.6353,                0.59335,                    0.1,                0.06789,                0.02303,                0.59335,                    0.1,                0.07065,                0.02646,                 2.6895,                 2.8275,                 3.3329,                 1.8615,              0.0014095,              0.0014095,              0.0014095
                     80,                 1.7611,                  1.542,                 1.4744,                 1.6204,                0.09654,                0.18333,                0.07972,                0.01532,                0.12261,                0.21667,                0.13634,                0.03418,                 2.8165,                  3.026,                 3.2708,                 2.1487,              0.0014062,              0.0014062,              0.0014062
                     81,                 1.7891,                 1.3352,                 1.5066,                 1.7326,                0.46417,                0.93333,                0.69263,                0.32829,                0.46417,                0.93333,                 0.7043,                0.34079,                  2.162,                 1.4199,                 1.7659,                 1.9846,              0.0014029,              0.0014029,              0.0014029
                     82,                 1.7975,                 1.5722,                 1.4827,                 1.7199,                0.41029,                0.86667,                0.62411,                0.29731,                0.41597,                    0.9,                0.64614,                0.34911,                 2.4111,                 2.1232,                  2.137,                 2.2082,              0.0013996,              0.0013996,              0.0013996
                     83,                 1.7966,                 1.4078,                 1.5203,                 1.6591,                0.56315,                0.71667,                0.64153,                0.23997,                 0.5504,                   0.75,                0.64095,                0.40644,                 2.2536,                 1.9964,                 2.2697,                 2.0453,              0.0013963,              0.0013963,              0.0013963
                     84,                 1.8021,                 1.3297,                 1.4381,                 1.6399,                0.51688,                0.66667,                0.70292,                0.32643,                0.57126,                    0.7,                0.74809,                0.46965,                 2.1869,                  1.608,                 1.8808,                 1.9646,               0.001393,               0.001393,               0.001393
                     85,                 1.8019,                 1.3533,                 1.4501,                  1.647,                0.53621,                    0.8,                0.64653,                0.21922,                0.54334,                0.81667,                0.69749,                0.38112,                 2.4025,                 1.5729,                 1.9181,                 2.0844,              0.0013897,              0.0013897,              0.0013897
                     86,                 1.7608,                  1.355,                  1.443,                 1.7069,                0.65591,                    0.3,                0.17643,                0.05167,                0.26413,                0.91667,                0.72137,                0.28536,                 2.4057,                 1.6449,                 2.1163,                 2.1301,              0.0013864,              0.0013864,              0.0013864
                     87,                 1.7262,                 1.3705,                 1.3867,                 1.6356,                0.66519,                   0.25,                0.17972,                0.04342,                 0.2101,                   0.85,                0.44374,                0.12536,                 2.3695,                  2.083,                 2.1208,                 2.1659,              0.0013831,              0.0013831,              0.0013831
                     88,                  1.782,                 1.3666,                 1.4574,                 1.6521,                0.56376,                0.66667,                0.67021,                0.14421,                0.59717,                    0.7,                0.64407,                0.32014,                 2.5438,                 3.1357,                  2.142,                 2.2776,              0.0013798,              0.0013798,              0.0013798
                     89,                 1.7088,                 1.3227,                 1.3675,                 1.5677,                0.41105,                   0.85,                0.66319,                0.33241,                0.41105,                   0.85,                0.68407,                0.40219,                 2.3474,                 1.6696,                  2.305,                 2.0766,              0.0013765,              0.0013765,              0.0013765
                     90,                 1.7214,                 1.6077,                 1.3982,                 1.6067,                0.31873,                0.86667,                0.69212,                0.30241,                0.31873,                0.86667,                 0.7281,                0.30359,                  2.186,                 1.5268,                 1.9572,                 1.9152,              0.0013732,              0.0013732,              0.0013732
                     91,                 1.7818,                 1.3303,                 1.3661,                  1.658,                0.66963,                0.23333,                0.29984,                0.09626,                0.41449,                0.93333,                0.75761,                0.20752,                 2.3071,                 1.4022,                 1.8256,                 2.0488,              0.0013699,              0.0013699,              0.0013699
                     92,                 1.7932,                 1.3255,                  1.441,                 1.6577,                0.52265,                    0.8,                0.67816,                0.22279,                0.53857,                0.83333,                0.71473,                0.18909,                 2.1041,                 1.6013,                 1.8886,                 1.9477,              0.0013666,              0.0013666,              0.0013666
                     93,                 1.7725,                 1.3429,                 1.3801,                 1.6389,                0.45352,                0.78333,                 0.7064,                0.52686,                0.47635,                0.81667,                0.74342,                0.40346,                 2.1041,                 1.6675,                 2.2416,                 1.9493,              0.0013633,              0.0013633,              0.0013633
                     94,                 1.8073,                 1.3926,                 1.3395,                 1.6082,                 0.6874,                0.23333,                0.18901,                0.06301,                0.69099,                   0.25,                0.19429,                0.08278,                 2.2116,                 1.5861,                 3.1953,                 2.0193,                0.00136,                0.00136,                0.00136
                     95,                 1.7845,                 1.3228,                 1.4535,                 1.6628,                0.24578,                0.93333,                0.69386,                0.32607,                0.23907,                    0.9,                0.68884,                0.23451,                  2.089,                 1.7194,                 2.2888,                 1.9127,              0.0013567,              0.0013567,              0.0013567
                     96,                  1.743,                  1.264,                 1.3397,                 1.5999,                0.53396,                0.73333,                0.63584,                    0.4,                0.54458,                   0.75,                0.67265,                0.29281,                 2.0628,                 1.2522,                 2.3522,                 1.8372,              0.0013534,              0.0013534,              0.0013534
                     97,                  1.726,                 1.3464,                 1.3118,                 1.5477,                0.38387,                0.68333,                0.37611,                0.21819,                0.38198,                0.76667,                0.42953,                0.17821,                 2.1657,                 1.3486,                 2.0074,                 1.8557,              0.0013501,              0.0013501,              0.0013501
                     98,                 1.7414,                 1.3636,                 1.3422,                 1.6097,                 0.5668,                0.58333,                0.62064,                0.38287,                0.67414,                0.66201,                0.75534,                0.28178,                 2.3434,                  1.383,                 2.2298,                 1.9902,              0.0013468,              0.0013468,              0.0013468
                     99,                 1.7741,                 1.3278,                 1.4157,                 1.5798,                0.19949,                    0.8,                0.24278,                0.12832,                 0.0978,                0.36667,                0.30715,                0.15791,                   2.52,                 1.4648,                 2.1188,                 2.1889,              0.0013435,              0.0013435,              0.0013435
                    100,                 1.7039,                 1.2743,                 1.3797,                 1.6949,                0.06305,                0.33333,                0.20347,                0.11563,                 0.1192,                0.50901,                0.29992,                0.08282,                 2.4364,                 1.6684,                 2.2982,                 2.1226,              0.0013402,              0.0013402,              0.0013402
                    101,                 1.7415,                 1.4643,                 1.3783,                 1.6387,                 0.5803,                0.11667,                0.12979,                0.04709,                0.63362,                0.18333,                0.21849,                0.09624,                  3.116,                 2.7481,                 3.0958,                 2.5942,              0.0013369,              0.0013369,              0.0013369
                    102,                 1.8292,                 1.4005,                 1.4482,                 1.6252,                 0.6571,                    0.2,                0.09343,                0.02205,                0.67889,                0.21667,                0.13829,                0.03788,                 3.1887,                 6.0685,                  7.284,                 2.7241,              0.0013336,              0.0013336,              0.0013336
                    103,                 1.7498,                 1.3405,                 1.3541,                 1.5572,                0.62384,                0.18333,                0.14571,                0.04895,                 0.6351,                    0.2,                0.14588,                0.05698,                 2.2168,                 1.9718,                 2.4731,                 2.0229,              0.0013303,              0.0013303,              0.0013303
                    104,                 1.7458,                 1.2362,                 1.4487,                 1.6544,                0.05288,                0.11667,                0.06144,                0.01374,                0.06043,                0.13333,                0.09896,                0.01823,                 3.3931,                 8.1273,                 10.545,                 2.6152,               0.001327,               0.001327,               0.001327
                    105,                 1.7337,                 1.3717,                 1.2893,                 1.5658,                0.65913,                   0.15,                0.10557,                0.03227,                0.71217,                    0.2,                0.15757,                0.05968,                 3.4327,                 5.6131,                 4.3218,                 2.3541,              0.0013237,              0.0013237,              0.0013237
                    106,                 1.7221,                 1.4388,                 1.3153,                 1.6202,                0.73112,                   0.15,                0.11583,                0.02823,                0.74207,                    0.2,                0.14641,                0.06695,                 3.3495,                 3.9141,                 3.7397,                 2.4445,              0.0013204,              0.0013204,              0.0013204
                    107,                 1.6663,                 1.3374,                 1.2851,                 1.5335,                 0.7098,                   0.15,                0.15482,                0.02829,                 0.7684,                    0.2,                0.17681,                0.06744,                 3.2504,                 3.0412,                  3.339,                 2.2989,              0.0013171,              0.0013171,              0.0013171
                    108,                  1.653,                 1.2848,                 1.2948,                  1.546,                0.62079,                   0.25,                0.15449,                0.04242,                  0.653,                0.31667,                0.19539,                0.08255,                 2.5158,                 1.8195,                 1.9713,                 2.2009,              0.0013138,              0.0013138,              0.0013138
                    109,                 1.6388,                 1.2245,                 1.2185,                 1.5152,                0.16579,                0.23333,                0.19235,                0.07197,                0.21315,                    0.3,                0.23083,                0.10041,                 2.1925,                 1.4891,                 1.8845,                 2.0284,              0.0013105,              0.0013105,              0.0013105
                    110,                 1.6235,                 1.2813,                 1.2288,                 1.5278,                0.69893,                0.31667,                0.21741,                0.08123,                0.69893,                0.31667,                0.21827,                0.09198,                 2.1516,                 1.6532,                 1.8275,                 2.0099,              0.0013072,              0.0013072,              0.0013072
                    111,                 1.6197,                 1.3237,                 1.2531,                 1.5234,                0.68376,                0.11667,                0.22407,                0.08428,                0.70911,                0.13333,                0.22614,                0.08987,                 2.1079,                 2.5104,                 3.4423,                  1.967,              0.0013039,              0.0013039,              0.0013039
                    112,                 1.6207,                 1.2651,                 1.2484,                 1.5029,                0.66293,                0.21667,                 0.3468,                0.12898,                0.66091,                0.22153,                0.30535,                0.10591,                 2.1951,                  3.061,                 2.4061,                 2.0037,              0.0013006,              0.0013006,              0.0013006
                    113,                 1.5796,                 1.3477,                 1.2085,                 1.5937,                0.31878,                0.73333,                0.43076,                 0.2497,                0.32776,                0.78333,                0.42656,                0.19728,                 2.1632,                  3.887,                 1.9259,                 1.9841,              0.0012973,              0.0012973,              0.0012973
                    114,                 1.6593,                 1.2027,                 1.2612,                 1.5415,                0.14441,                   0.15,                0.11666,                 0.0431,                0.15016,                0.16667,                0.12885,                0.03976,                 2.5285,                 4.4623,                 3.7957,                 2.3386,               0.001294,               0.001294,               0.001294
                    115,                 1.6444,                 1.2987,                  1.267,                 1.5707,                0.13437,                0.07375,                0.09062,                0.02937,                0.13097,                0.13333,                0.09727,                0.03906,                 2.4638,                 3.1597,                 6.8919,                 2.2381,              0.0012907,              0.0012907,              0.0012907
                    116,                 1.5982,                 1.2568,                 1.2199,                  1.567,                0.67808,                0.12922,                0.19046,                0.09283,                0.37752,                0.91667,                0.62457,                0.12153,                 2.2339,                 1.9551,                 6.5464,                 2.0831,              0.0012874,              0.0012874,              0.0012874
                    117,                 1.7144,                 1.2298,                 1.2346,                 1.5223,                 0.6419,                    0.1,                0.07187,                0.02538,                 0.6419,                    0.1,                0.07081,                0.03157,                 2.3274,                 1.9337,                 3.9768,                 2.1317,              0.0012841,              0.0012841,              0.0012841
                    118,                 1.7029,                 1.3641,                  1.246,                 1.5552,                0.14626,                0.28333,                0.17229,                0.05708,                0.66411,                    0.3,                0.18339,                0.07776,                 2.1785,                 1.3959,                 2.0111,                 1.9736,              0.0012808,              0.0012808,              0.0012808
                    119,                 1.6829,                 1.2316,                 1.3162,                 1.5868,                0.20382,                0.26667,                0.19472,                0.07746,                0.21655,                0.28333,                0.21469,                0.08492,                 2.1793,                 2.3486,                 12.878,                 2.0434,              0.0012775,              0.0012775,              0.0012775
                    120,                 1.6498,                 1.4006,                 1.2388,                 1.5552,                0.64033,                0.31667,                0.15722,                0.06625,                0.65934,                0.34308,                0.19025,                0.08998,                 2.1559,                 1.9307,                 2.7971,                 2.0149,              0.0012742,              0.0012742,              0.0012742
                    121,                 1.6773,                 1.3321,                 1.3953,                 1.5375,                0.41241,                0.91667,                0.66938,                0.46283,                0.42083,                0.93333,                0.69085,                0.37507,                 2.1591,                 1.8064,                 2.0135,                 1.9799,              0.0012709,              0.0012709,              0.0012709
                    122,                 1.6014,                 1.3032,                 1.2531,                 1.5277,                 0.2341,                   0.95,                0.71776,                0.41161,                0.23124,                0.93333,                0.72119,                0.44562,                 2.2663,                 1.6554,                 1.6405,                 1.9605,              0.0012676,              0.0012676,              0.0012676
                    123,                 1.5992,                 1.2046,                 1.1895,                 1.5826,                 0.5664,                0.81667,                0.71435,                0.52426,                0.58092,                   0.85,                0.76496,                0.45961,                 2.2369,                 1.5875,                 1.7147,                  2.025,              0.0012643,              0.0012643,              0.0012643
                    124,                 1.6058,                 1.2384,                 1.2107,                 1.4956,                0.63427,                0.81667,                0.78334,                0.50203,                0.65365,                0.84894,                0.79193,                0.49573,                 2.2122,                 1.4152,                  1.565,                 1.9618,               0.001261,               0.001261,               0.001261
                    125,                 1.7407,                    1.2,                 1.2371,                 1.5595,                0.58503,                0.73333,                0.74299,                0.43522,                0.58132,                0.71667,                0.73816,                0.47519,                 2.2541,                 1.2743,                 1.4517,                 1.8886,              0.0012577,              0.0012577,              0.0012577
                    126,                 1.7435,                 1.2886,                 1.1924,                   1.51,                0.58108,                   0.65,                0.70589,                0.46983,                0.61799,                0.66667,                0.74521,                0.45189,                 2.1402,                 1.1054,                 1.6306,                 1.8693,              0.0012544,              0.0012544,              0.0012544
                    127,                 1.6427,                 1.1361,                  1.208,                 1.4901,                0.65717,                0.66667,                0.68469,                0.45539,                0.65367,                0.68333,                0.73029,                0.39108,                 2.2265,                 1.5674,                  1.671,                 1.9768,              0.0012511,              0.0012511,              0.0012511
                    128,                 1.6508,                 1.1517,                 1.2332,                 1.5524,                0.46943,                0.73333,                 0.6662,                0.50629,                0.52935,                 0.6285,                0.65714,                0.27496,                 2.1486,                 2.7491,                 1.7791,                 1.9594,              0.0012478,              0.0012478,              0.0012478
                    129,                 1.6639,                 1.1783,                 1.2079,                 1.5484,                 0.6002,                0.81667,                0.73825,                0.43473,                0.60995,                0.83333,                 0.7408,                0.42511,                 2.1396,                 2.2111,                 1.9217,                 1.9559,              0.0012445,              0.0012445,              0.0012445
                    130,                 1.5646,                 1.1321,                 1.1093,                 1.4646,                0.65685,                    0.7,                0.71707,                0.44223,                0.67391,                0.71667,                 0.7246,                0.42399,                 2.0421,                 1.8057,                 2.2258,                 1.9195,              0.0012412,              0.0012412,              0.0012412
                    131,                 1.6072,                 1.0746,                 1.1052,                 1.5219,                0.60675,                    0.7,                0.71201,                0.54544,                 0.6232,                0.71667,                0.73649,                0.42625,                 2.0139,                 1.5215,                 2.2161,                 1.9145,              0.0012379,              0.0012379,              0.0012379
                    132,                 1.5521,                 1.1445,                 1.0955,                 1.4539,                 0.6029,                    0.7,                0.67686,                0.49334,                0.65328,                0.76667,                0.73582,                0.40109,                 2.3436,                 1.4445,                 1.9177,                 2.1646,              0.0012346,              0.0012346,              0.0012346
                    133,                 1.4756,                 1.1496,                 1.0839,                 1.4538,                0.69588,                0.66667,                0.73201,                0.43702,                0.54661,                0.78333,                0.73534,                0.37609,                 2.0903,                 1.2948,                 1.7792,                 1.9713,              0.0012313,              0.0012313,              0.0012313
                    134,                  1.596,                 1.1752,                 1.1261,                 1.4467,                0.48265,                    0.8,                0.76236,                0.36666,                0.50419,                0.77746,                0.76938,                0.40089,                 2.1002,                 1.2771,                 1.7044,                 1.9236,               0.001228,               0.001228,               0.001228
                    135,                 1.6058,                 1.1481,                 1.0905,                 1.4106,                0.55782,                    0.6,                 0.6784,                0.36269,                0.90809,                0.58326,                0.72639,                0.37198,                 1.9559,                 1.4304,                 1.8183,                 1.7861,              0.0012247,              0.0012247,              0.0012247
                    136,                 1.5439,                 1.2045,                 1.0938,                 1.4797,                0.53864,                0.66667,                0.68388,                 0.3713,                0.51477,                0.70809,                0.71643,                0.40718,                 2.1769,                 1.4306,                 2.0364,                 1.8845,              0.0012214,              0.0012214,              0.0012214
                    137,                 1.6109,                 1.2825,                 1.0703,                 1.5175,                0.30823,                0.86328,                 0.4944,                0.29012,                0.30738,                0.86615,                0.51277,                 0.2775,                 2.2933,                 1.2785,                 1.9287,                 1.9458,              0.0012181,              0.0012181,              0.0012181
                    138,                 1.5898,                  1.215,                 1.0794,                 1.4862,                 0.7368,                0.23333,                0.22775,                0.08102,                0.76269,                0.28333,                0.24921,                0.09524,                 2.2356,                 1.4489,                 1.9769,                 2.0019,              0.0012148,              0.0012148,              0.0012148
                    139,                 1.5964,                 1.1059,                 1.1183,                 1.5307,                 0.1666,                    0.2,                0.20118,                0.07575,                0.19437,                0.23333,                0.21421,                0.09162,                 2.2254,                 1.6643,                 2.0882,                 2.0065,              0.0012115,              0.0012115,              0.0012115
                    140,                 1.4933,                 1.1375,                 1.0046,                 1.4604,                0.44167,                0.73333,                 0.7673,                 0.4919,                0.44009,                0.73333,                 0.7767,                0.42232,                 2.2108,                 1.5874,                 1.4811,                 2.0566,              0.0012082,              0.0012082,              0.0012082
                    141,                 1.7367,                 1.1632,                 1.1675,                 1.4987,                0.67051,                0.66667,                0.70421,                0.38851,                0.70378,                 0.7031,                0.73049,                0.41477,                 2.2219,                 1.5928,                 1.5174,                 2.0811,              0.0012049,              0.0012049,              0.0012049
                    142,                 1.5452,                 1.1096,                 1.0782,                 1.4378,                0.58392,                   0.65,                0.72419,                0.44071,                0.57915,                0.68333,                0.75719,                 0.4651,                 2.1839,                 1.5402,                 1.6122,                 1.9884,              0.0012016,              0.0012016,              0.0012016
                    143,                 1.5601,                 1.2093,                 1.1585,                 1.4544,                0.91423,                    0.5,                0.69914,                0.38713,                0.91423,                    0.5,                0.74015,                0.45125,                 2.1035,                 2.0708,                 2.4968,                 1.9242,              0.0011983,              0.0011983,              0.0011983
                    144,                 1.4767,                 1.0797,                 1.0119,                 1.4501,                0.53886,                0.61828,                0.57503,                0.41784,                0.64025,                0.73257,                0.69624,                0.34674,                 2.5872,                 1.7496,                 4.9027,                  2.266,               0.001195,               0.001195,               0.001195
                    145,                 1.5617,                 1.1184,                 1.0964,                 1.4487,                 0.5613,                0.70718,                0.64986,                0.48225,                0.65372,                    0.8,                0.74564,                0.38157,                 2.5069,                  1.469,                 3.2769,                 2.1832,              0.0011917,              0.0011917,              0.0011917
                    146,                 1.5855,                 1.1218,                 1.0658,                 1.5209,                0.64745,                0.80776,                0.80925,                0.60321,                0.64745,                0.80776,                0.80562,                0.53353,                 1.9388,                 1.1036,                 1.3415,                 1.7579,              0.0011884,              0.0011884,              0.0011884
                    147,                  1.514,                 1.1375,                 1.0734,                 1.4445,                0.57761,                0.68333,                0.71889,                0.48535,                0.67842,                0.76667,                0.81768,                0.51402,                 2.3091,                  1.062,                 2.3425,                 1.9352,              0.0011851,              0.0011851,              0.0011851
                    148,                 1.5414,                 1.1557,                 1.0348,                 1.4776,                0.74286,                0.78333,                0.82166,                 0.5156,                0.69438,                0.80939,                 0.8261,                0.54607,                 2.1707,                 1.3054,                 2.0701,                 1.8585,              0.0011818,              0.0011818,              0.0011818
                    149,                 1.5276,                   1.19,                 1.0335,                 1.4881,                0.66927,                0.83333,                0.75617,                0.51794,                0.69008,                0.86667,                 0.7543,                0.43804,                 2.1015,                 1.5626,                 1.3337,                 1.8786,              0.0011785,              0.0011785,              0.0011785
                    150,                 1.5235,                 1.3025,                 1.0613,                 1.4901,                 0.5639,                0.68033,                0.71451,                0.54544,                0.58326,                0.69421,                0.73253,                0.47855,                 2.1597,                  1.339,                 1.2619,                 1.9133,              0.0011752,              0.0011752,              0.0011752
                    151,                  1.547,                 1.0988,                 1.0277,                 1.4046,                0.41004,                    0.8,                0.75621,                0.51332,                0.41004,                    0.8,                0.74355,                 0.4715,                 1.9937,                 1.5005,                  1.518,                 1.8582,              0.0011719,              0.0011719,              0.0011719
                    152,                 1.5082,                 1.1134,                 1.0003,                 1.3923,                0.48028,                0.71667,                0.77278,                0.53119,                0.48028,                0.71667,                0.76744,                0.49096,                 2.0007,                 1.5363,                 1.3711,                 1.8073,              0.0011686,              0.0011686,              0.0011686
                    153,                 1.4984,                 1.1543,                 1.0153,                 1.4179,                0.53242,                0.70011,                0.77263,                0.50953,                0.55293,                0.69949,                 0.8078,                0.49321,                  2.091,                 1.4857,                 1.5374,                 1.8045,              0.0011653,              0.0011653,              0.0011653
                    154,                 1.5173,                 1.1695,                0.98429,                 1.4286,                0.42171,                0.66667,                0.56921,                0.42295,                0.44979,                0.66597,                0.59879,                0.38689,                 2.1247,                 1.3363,                 3.0731,                 1.9359,               0.001162,               0.001162,               0.001162
                    155,                 1.4788,                 1.1683,                 1.0209,                 1.4289,                0.48832,                0.78333,                0.74098,                0.48948,                0.50056,                    0.8,                0.76795,                0.46867,                 2.1061,                 1.2684,                 1.5552,                 1.9002,              0.0011587,              0.0011587,              0.0011587
                    156,                 1.5815,                 1.0298,                 1.0204,                 1.4579,                0.48735,                0.85956,                0.78434,                0.51315,                0.48145,                0.83374,                0.79436,                0.48382,                 2.0582,                  1.331,                 1.2935,                 1.8043,              0.0011554,              0.0011554,              0.0011554
                    157,                 1.5516,                 1.1728,                 1.0236,                 1.4625,                0.55484,                    0.7,                0.74241,                0.49476,                0.59622,                0.71667,                0.77067,                0.47921,                  2.128,                 1.3006,                 1.3805,                 1.8197,              0.0011521,              0.0011521,              0.0011521
                    158,                 1.4749,                 1.1314,                 1.0668,                 1.4682,                  0.513,                0.73333,                0.72447,                0.50893,                0.54635,                0.76667,                0.73672,                0.47944,                 1.9936,                 1.2162,                 1.5388,                 1.8066,              0.0011488,              0.0011488,              0.0011488
                    159,                 1.4445,                 1.1901,                 1.0863,                  1.466,                0.61147,                   0.75,                0.76319,                0.51302,                0.63768,                0.76667,                0.79005,                0.49352,                 1.9886,                 1.1147,                 1.4449,                 1.7945,              0.0011455,              0.0011455,              0.0011455
                    160,                  1.467,                 1.1381,                0.98124,                 1.3667,                0.71158,                0.78736,                0.76599,                0.54785,                0.71158,                0.78736,                0.78413,                 0.4872,                 2.0972,                 1.0838,                 1.4545,                 1.8105,              0.0011422,              0.0011422,              0.0011422
                    161,                 1.4546,                 1.0177,                 1.0432,                 1.4244,                 0.7135,                0.78333,                0.78787,                0.60763,                0.73604,                0.83333,                0.81378,                 0.5018,                 2.0078,                 1.0692,                 1.4396,                 1.7185,              0.0011389,              0.0011389,              0.0011389
                    162,                 1.4307,                 1.1033,                0.94039,                 1.3699,                0.67802,                0.73333,                 0.7011,                0.51744,                0.72455,                0.78333,                0.80367,                0.48263,                 2.1633,                 1.1005,                 1.6557,                 1.8427,              0.0011356,              0.0011356,              0.0011356
                    163,                 1.4434,                 1.0687,                0.93256,                 1.3762,                0.64402,                0.71667,                0.71161,                0.47551,                0.66394,                0.73333,                0.75738,                0.46483,                 2.0541,                  1.132,                 1.8275,                 1.7721,              0.0011323,              0.0011323,              0.0011323
                    164,                 1.4615,                 1.0381,                0.98235,                 1.4702,                0.55002,                0.74525,                0.73507,                0.52066,                0.61006,                    0.8,                0.82239,                0.47086,                 2.1739,                 1.1331,                 1.7635,                 1.9138,               0.001129,               0.001129,               0.001129
                    165,                 1.4998,                0.97114,                0.98367,                 1.3816,                0.56912,                0.78333,                0.78338,                0.56526,                0.58497,                    0.8,                0.78709,                0.51248,                 2.0697,                 1.4242,                 2.2583,                 1.7857,              0.0011257,              0.0011257,              0.0011257
                    166,                 1.3996,                 1.0449,                0.93649,                 1.4068,                0.59924,                0.78333,                0.77248,                0.62223,                0.59399,                 0.8348,                0.77753,                0.51169,                 2.0192,                 1.4761,                 1.6588,                 1.7413,              0.0011224,              0.0011224,              0.0011224
                    167,                 1.4479,                 1.0297,                0.97932,                 1.4241,                0.73588,                0.78236,                0.78587,                0.53907,                0.75189,                0.79606,                0.82094,                0.47374,                  2.025,                 1.3899,                 1.9051,                 1.7829,              0.0011191,              0.0011191,              0.0011191
                    168,                 1.4613,                 1.1605,                 1.0392,                  1.452,                0.63636,                0.78333,                0.73664,                0.46658,                 0.6622,                0.81667,                0.76255,                0.45393,                 1.9562,                 1.3741,                 1.4945,                 1.7789,              0.0011158,              0.0011158,              0.0011158
                    169,                 1.5199,                  1.145,                 1.0567,                 1.4818,                0.74986,                0.73539,                0.79962,                0.47722,                0.74986,                0.73539,                0.81988,                0.47736,                 2.0392,                 1.3144,                 1.4755,                 1.7944,              0.0011125,              0.0011125,              0.0011125
                    170,                 1.4615,                  1.134,                 1.0441,                 1.4533,                0.62164,                0.73333,                0.80033,                 0.5431,                 0.6082,                0.73333,                0.81891,                0.53813,                 1.9106,                 1.3233,                 1.4768,                  1.703,              0.0011092,              0.0011092,              0.0011092
                    171,                 1.4014,                 1.1691,                 0.9404,                 1.3601,                0.47814,                0.81667,                0.79106,                0.58517,                0.46436,                    0.8,                0.77469,                0.51705,                 1.9642,                 1.6456,                 1.2883,                 1.7378,              0.0011059,              0.0011059,              0.0011059
                    172,                 1.4532,                 1.1779,                0.95721,                 1.3788,                0.66792,                    0.7,                0.80207,                0.55951,                0.66792,                    0.7,                0.82651,                0.59303,                 1.8725,                  1.436,                 1.3182,                 1.7497,              0.0011026,              0.0011026,              0.0011026
                    173,                 1.4222,                 1.0931,                0.94553,                 1.4504,                0.68088,                0.70391,                0.81367,                0.58398,                0.72106,                0.77492,                0.83046,                 0.5731,                 1.9559,                 1.2971,                 1.3192,                 1.8334,              0.0010993,              0.0010993,              0.0010993
                    174,                 1.5265,                 1.1051,                 0.9865,                 1.3941,                0.65153,                0.81667,                0.82023,                0.60856,                 0.6648,                0.84051,                0.84289,                 0.6051,                  1.862,                 1.1859,                 1.1277,                  1.777,               0.001096,               0.001096,               0.001096
                    175,                 1.4569,                 1.1872,                0.98677,                 1.3856,                0.61317,                0.80706,                0.79993,                0.60306,                0.63017,                0.82372,                0.82226,                0.53727,                 1.8573,                 1.1247,                 1.2602,                 1.7166,              0.0010927,              0.0010927,              0.0010927
                    176,                 1.3605,                0.98128,                0.95984,                 1.3393,                0.60997,                0.81667,                0.82998,                0.61338,                0.62707,                0.83333,                0.85783,                0.61283,                 1.8855,                 1.1055,                 1.5046,                 1.6869,              0.0010894,              0.0010894,              0.0010894
                    177,                 1.3927,                0.98813,                0.99326,                 1.4169,                0.54454,                   0.85,                0.79846,                 0.5883,                0.55354,                0.78333,                0.80268,                0.52343,                 1.8701,                  1.095,                 1.5394,                 1.6784,              0.0010861,              0.0010861,              0.0010861
                    178,                 1.4047,                 1.1243,                 0.9785,                 1.3797,                0.67804,                0.81667,                0.84836,                0.60894,                0.67958,                0.81667,                0.84421,                0.55903,                  1.807,                 1.0446,                 1.3508,                 1.6407,              0.0010828,              0.0010828,              0.0010828
                    179,                 1.3364,                 0.9415,                0.94247,                 1.3825,                0.66483,                    0.8,                0.82761,                0.60656,                0.66483,                    0.8,                0.83432,                0.54971,                 1.8258,                 1.0384,                 1.4689,                 1.6533,              0.0010795,              0.0010795,              0.0010795
                    180,                 1.3908,                0.94002,                0.94234,                 1.3563,                0.65674,                   0.75,                0.82777,                0.60515,                0.66577,                0.76521,                0.85198,                0.56583,                 1.9114,                0.98777,                 1.3312,                 1.6964,              0.0010762,              0.0010762,              0.0010762
                    181,                 1.4636,                 1.0949,                 1.0124,                 1.3816,                0.65565,                0.71667,                0.80994,                0.59523,                0.64548,                0.76667,                0.82118,                0.54177,                  1.854,                0.96114,                 1.2948,                 1.6697,              0.0010729,              0.0010729,              0.0010729
                    182,                  1.442,                 1.1023,                 1.0024,                 1.4012,                0.71332,                0.76485,                0.81123,                0.54991,                0.71332,                0.76485,                0.80024,                0.53892,                 1.8673,                 1.0313,                 1.2995,                 1.6952,              0.0010696,              0.0010696,              0.0010696
                    183,                 1.4034,                 1.0737,                0.97829,                 1.4258,                0.78078,                0.74906,                0.85719,                0.63413,                0.77641,                   0.75,                0.85391,                0.61718,                 1.7926,                 1.0577,                 1.3484,                 1.6693,              0.0010663,              0.0010663,              0.0010663
                    184,                 1.4473,                 1.0801,                 1.0066,                 1.4375,                0.76172,                0.78333,                0.83168,                0.61483,                  0.752,                0.81667,                0.85582,                0.60762,                 1.9702,                 1.3879,                 1.3658,                 1.7529,               0.001063,               0.001063,               0.001063
                    185,                 1.4435,                 1.0305,                0.97217,                 1.4217,                0.82964,                0.75744,                0.84464,                0.61687,                0.85285,                 0.7804,                0.86306,                0.64927,                 1.9467,                 1.6344,                 1.4922,                 1.7116,              0.0010597,              0.0010597,              0.0010597
                    186,                 1.3372,                 1.0325,                0.89921,                  1.371,                0.66932,                0.91115,                0.80878,                0.60482,                 0.6503,                0.85033,                0.81133,                0.59488,                 1.8752,                 1.3343,                 1.2388,                 1.7268,              0.0010564,              0.0010564,              0.0010564
                    187,                 1.3652,                 1.0998,                0.91041,                 1.3424,                0.63284,                 0.8996,                0.83582,                0.62477,                0.61675,                0.86667,                0.81962,                0.61488,                 1.7795,                 1.2774,                 1.1503,                 1.6721,              0.0010531,              0.0010531,              0.0010531
                    188,                 1.3075,                0.97984,                0.91138,                 1.3692,                0.63579,                0.78377,                0.85607,                0.60383,                0.67783,                0.81667,                0.87559,                0.62801,                 1.9783,                 1.2909,                 1.1805,                 1.7983,              0.0010498,              0.0010498,              0.0010498
                    189,                 1.2958,                0.96655,                0.86488,                 1.3803,                0.80824,                0.77177,                0.88776,                0.62354,                 0.8077,                0.77292,                0.87375,                0.58005,                 1.8241,                 1.5528,                  1.362,                 1.7584,              0.0010465,              0.0010465,              0.0010465
                    190,                 1.4424,                  1.054,                0.97028,                 1.3735,                0.78227,                0.78333,                0.88022,                0.62961,                0.80458,                    0.8,                0.88004,                0.69142,                 1.8098,                  1.651,                 1.1723,                 1.6951,              0.0010432,              0.0010432,              0.0010432
                    191,                 1.3545,                0.96923,                0.94283,                 1.3633,                0.74699,                0.81667,                0.87947,                0.56593,                0.73866,                0.81667,                0.84839,                0.62656,                 1.8379,                  1.544,                 1.2188,                 1.6989,              0.0010399,              0.0010399,              0.0010399
                    192,                 1.3111,                 1.0249,                0.89213,                  1.344,                  0.874,                0.77732,                0.90543,                0.60509,                0.86942,                0.78994,                0.92312,                0.65394,                 1.8714,                 1.4269,                 1.1472,                 1.7118,              0.0010366,              0.0010366,              0.0010366
                    193,                 1.3853,                 1.1088,                0.93187,                 1.4463,                0.72762,                0.85199,                0.88536,                 0.6484,                0.74357,                0.88232,                0.90595,                0.71584,                 1.8111,                   1.18,                 1.1245,                 1.7117,              0.0010333,              0.0010333,              0.0010333
                    194,                 1.2627,                0.94485,                0.87535,                 1.3522,                0.72299,                 0.8318,                0.89099,                0.64574,                0.72035,                0.86015,                0.90211,                 0.7159,                 1.8225,                 1.0444,                 1.2567,                 1.6889,                0.00103,                0.00103,                0.00103
                    195,                 1.3234,                 1.0857,                0.88185,                 1.2935,                 0.9055,                0.81151,                0.91363,                0.65809,                 0.9055,                0.81151,                0.91957,                0.71417,                 1.7956,                0.94463,                 1.3747,                 1.7331,              0.0010267,              0.0010267,              0.0010267
                    196,                 1.3624,                0.97787,                 0.9074,                 1.2978,                0.79932,                0.76667,                0.84532,                0.59001,                 0.8209,                0.78333,                0.86496,                0.61432,                 1.7082,                 1.1014,                 1.5179,                  1.586,              0.0010234,              0.0010234,              0.0010234
                    197,                 1.3276,                0.91147,                0.89048,                 1.3356,                0.81565,                    0.8,                0.85602,                0.58286,                0.84148,                0.81667,                0.87965,                 0.6652,                 1.8037,                 1.2873,                 1.3907,                 1.6009,              0.0010201,              0.0010201,              0.0010201
                    198,                 1.3278,                 1.0406,                0.91159,                  1.367,                0.74472,                   0.85,                0.86396,                0.61633,                0.75785,                0.86667,                0.87179,                0.60203,                 1.8835,                 1.5023,                 1.3928,                 1.6919,              0.0010168,              0.0010168,              0.0010168
                    199,                 1.3117,                0.94779,                0.90123,                 1.3439,                0.74396,                   0.85,                0.86072,                0.57862,                0.74396,                   0.85,                0.85936,                0.60519,                 1.8355,                 1.7202,                 1.2951,                 1.7197,              0.0010135,              0.0010135,              0.0010135
                    200,                 1.3013,                 1.0222,                0.90218,                 1.3231,                0.68065,                0.86667,                0.81146,                0.56251,                0.69244,                   0.85,                0.82824,                0.63142,                 1.6878,                 1.5239,                 1.3329,                 1.6385,              0.0010102,              0.0010102,              0.0010102
                    201,                  1.269,                0.94364,                0.90911,                 1.3571,                 0.7212,                0.83333,                 0.8873,                0.62073,                0.76496,                0.83333,                0.90567,                0.68029,                 1.6076,                 1.2648,                 1.3269,                 1.5577,              0.0010069,              0.0010069,              0.0010069
                    202,                 1.2884,                  1.003,                0.86797,                  1.317,                0.76176,                0.83333,                0.90451,                0.63066,                0.76864,                 0.8393,                0.90627,                0.69051,                 1.4995,                 1.1109,                 1.2666,                 1.5376,              0.0010036,              0.0010036,              0.0010036
                    203,                 1.3041,                 1.0502,                0.87661,                 1.3462,                0.75575,                 0.8268,                0.91605,                0.69248,                0.74426,                0.83333,                0.92241,                0.70517,                 1.5046,                  1.067,                 1.1164,                  1.522,              0.0010003,              0.0010003,              0.0010003
                    204,                 1.2938,                 1.0942,                0.90782,                 1.3315,                0.67829,                0.85925,                0.90659,                0.68418,                0.69545,                0.87338,                0.91772,                0.70378,                  1.652,                0.99896,                 1.1497,                 1.5672,             0.00099697,             0.00099697,             0.00099697
                    205,                 1.2735,                0.94534,                0.84344,                 1.2595,                0.71062,                0.74195,                 0.8986,                 0.6846,                0.71062,                0.74195,                0.90654,                0.71158,                 1.5945,                 1.0929,                 1.1741,                 1.5193,             0.00099367,             0.00099367,             0.00099367
                    206,                 1.2568,                0.95821,                0.85613,                 1.3251,                0.65784,                0.73801,                0.88381,                0.66061,                0.65784,                0.73801,                0.88674,                0.68909,                 1.6597,                 1.0729,                  1.188,                 1.5512,             0.00099036,             0.00099036,             0.00099036
                    207,                 1.2985,                0.96431,                0.90465,                 1.3101,                0.68974,                0.81667,                0.91963,                0.68769,                0.69442,                0.87316,                0.92945,                0.72163,                 1.5501,                 1.0968,                 1.1378,                  1.462,             0.00098706,             0.00098706,             0.00098706
                    208,                 1.3447,                 1.0006,                0.88319,                 1.3078,                0.72172,                   0.85,                0.90202,                0.63272,                0.74003,                0.88365,                 0.9208,                 0.6824,                 1.6798,                 1.0651,                  1.251,                 1.5166,             0.00098376,             0.00098376,             0.00098376
                    209,                 1.3617,                 1.0293,                0.90688,                 1.3271,                0.90298,                0.73333,                0.87249,                0.62661,                0.92462,                0.76661,                0.92411,                 0.6658,                 1.7201,                 1.0541,                 1.4547,                 1.5526,             0.00098046,             0.00098046,             0.00098046
                    210,                 1.2593,                 1.0185,                0.84306,                 1.3046,                0.86719,                   0.75,                0.91438,                 0.6137,                0.75119,                0.84542,                0.93355,                0.71064,                 1.6821,                 1.0004,                 1.2313,                  1.549,             0.00097716,             0.00097716,             0.00097716
                    211,                 1.3212,                 1.1709,                0.87926,                 1.2801,                 0.7965,                0.81983,                0.90019,                 0.6779,                 0.7853,                0.86667,                0.92534,                0.70991,                 1.6403,                 1.0751,                 1.1585,                 1.5356,             0.00097386,             0.00097386,             0.00097386
                    212,                  1.211,                0.95316,                0.84684,                 1.2793,                0.87927,                0.81571,                0.93418,                0.63594,                0.87873,                0.81639,                0.93725,                0.68122,                 1.6582,                0.98447,                 1.1441,                 1.5625,             0.00097056,             0.00097056,             0.00097056
                    213,                 1.2362,                0.89046,                0.82167,                 1.3128,                0.63648,                0.81667,                0.89358,                0.67369,                0.65124,                0.84103,                0.89242,                0.71856,                 1.6363,                  1.018,                 1.1613,                 1.5859,             0.00096726,             0.00096726,             0.00096726
                    214,                 1.2139,                 1.0241,                 0.8175,                 1.2852,                0.66088,                0.87728,                0.88437,                0.67081,                0.67669,                0.89395,                0.88862,                0.66202,                 1.6127,                 1.1215,                 1.3407,                 1.5458,             0.00096396,             0.00096396,             0.00096396
                    215,                 1.2734,                0.98255,                0.84125,                 1.3271,                0.61629,                0.78333,                0.82702,                 0.6266,                0.62698,                    0.8,                0.83114,                0.61239,                 1.7819,                 1.2199,                 1.7273,                 1.8478,             0.00096066,             0.00096066,             0.00096066
                    216,                 1.2605,                0.98532,                0.87198,                 1.2917,                0.72233,                0.86667,                0.91633,                0.72086,                0.71766,                 0.9286,                0.88054,                0.64629,                 1.5265,                 1.1726,                 1.1044,                 1.5174,             0.00095736,             0.00095736,             0.00095736
                    217,                 1.3302,                 1.0491,                 0.8915,                 1.3755,                0.79353,                0.78333,                0.88609,                0.72245,                0.79353,                0.78333,                0.89238,                0.64227,                 1.5254,                  1.351,                  1.076,                 1.4871,             0.00095406,             0.00095406,             0.00095406
                    218,                 1.2686,                0.97657,                0.83501,                 1.2476,                0.79595,                0.80998,                0.91888,                0.73191,                0.79595,                0.80998,                0.91352,                0.68717,                 1.5393,                 1.0868,                 1.0896,                 1.4806,             0.00095076,             0.00095076,             0.00095076
                    219,                 1.2619,                 1.0064,                0.83395,                 1.2652,                0.81639,                0.83333,                0.95265,                0.70611,                0.81639,                0.83333,                0.94195,                0.72578,                 1.5344,                0.98886,                 1.0371,                 1.4419,             0.00094746,             0.00094746,             0.00094746
                    220,                 1.2157,                 1.0069,                0.83472,                  1.237,                 0.8105,                0.83333,                0.93268,                  0.692,                0.72924,                0.86667,                 0.9384,                 0.7188,                 1.6102,                 1.1149,                 1.0465,                 1.4498,             0.00094416,             0.00094416,             0.00094416
                    221,                 1.2736,                 1.0821,                0.87443,                 1.3108,                0.76975,                   0.85,                0.92641,                0.69212,                0.74018,                0.86509,                0.93462,                0.71773,                 1.6307,                0.99056,                 1.0591,                 1.4215,             0.00094085,             0.00094085,             0.00094085
                    222,                 1.2859,                0.97087,                0.88036,                  1.306,                0.73323,                   0.85,                0.92859,                0.69402,                0.71606,                0.91579,                0.93316,                0.71957,                 1.5432,                0.96881,                 1.0706,                 1.4498,             0.00093755,             0.00093755,             0.00093755
                    223,                 1.2215,                0.95126,                0.82461,                 1.2981,                0.65585,                    0.9,                0.91608,                0.68614,                0.73573,                   0.85,                0.94855,                0.71051,                 1.5885,                 1.0492,                 1.1149,                 1.4893,             0.00093425,             0.00093425,             0.00093425
                    224,                 1.2533,                 1.0324,                0.83329,                 1.2703,                0.70475,                   0.75,                0.90531,                0.66997,                0.72762,                0.76958,                0.91371,                0.73988,                 1.5989,                 1.3848,                 2.8931,                 1.4716,             0.00093095,             0.00093095,             0.00093095
                    225,                 1.2565,                  1.042,                 0.8543,                 1.2613,                0.75782,                0.73035,                0.90177,                0.66634,                0.58277,                0.91667,                0.92748,                0.69242,                 1.6845,                  1.115,                 1.1158,                 1.5508,             0.00092765,             0.00092765,             0.00092765
                    226,                 1.3135,                0.97475,                0.90137,                 1.2843,                0.85397,                0.78333,                0.86278,                0.55342,                0.86697,                    0.8,                0.87479,                0.65185,                 1.6402,                 1.2114,                 1.3153,                 1.5792,             0.00092435,             0.00092435,             0.00092435
                    227,                 1.2196,                 1.0162,                0.83785,                 1.3161,                0.75933,                0.71418,                0.74249,                0.55661,                 0.8309,                0.76076,                0.83868,                0.63041,                 1.7826,                  1.256,                 1.5542,                  1.665,             0.00092105,             0.00092105,             0.00092105
                    228,                 1.1578,                0.89694,                0.78689,                 1.2861,                0.82965,                0.76667,                0.85489,                0.66537,                0.90692,                0.78851,                0.90906,                 0.7441,                 1.6973,                 1.1096,                 1.2384,                 1.5271,             0.00091775,             0.00091775,             0.00091775
                    229,                 1.1896,                0.91145,                0.81434,                  1.276,                0.88947,                    0.8,                0.92912,                0.73483,                0.89133,                0.80757,                0.94079,                0.75521,                 1.4951,                 1.0716,                 1.0355,                 1.4311,             0.00091445,             0.00091445,             0.00091445
                    230,                 1.2613,                0.91504,                0.87419,                 1.2907,                 0.6717,                0.86474,                0.91212,                 0.6648,                0.65349,                 0.8488,                0.90492,                0.70884,                 1.6201,                 1.1781,                 1.0723,                 1.4748,             0.00091115,             0.00091115,             0.00091115
                    231,                   1.23,                0.91739,                0.83594,                 1.2654,                0.51673,                    0.9,                0.85939,                0.63826,                0.50172,                0.88333,                0.83551,                0.71425,                 1.5999,                 1.1795,                 1.1312,                 1.4779,             0.00090785,             0.00090785,             0.00090785
                    232,                 1.2396,                0.93675,                  0.825,                 1.2768,                0.52142,                    0.7,                0.74301,                0.59018,                0.50248,                0.68333,                0.72208,                0.59283,                 1.5926,                 1.2964,                 1.4744,                 1.5231,             0.00090455,             0.00090455,             0.00090455
                    233,                 1.2205,                 1.1182,                0.82932,                 1.2773,                0.45969,                0.78333,                0.71731,                0.57121,                0.43974,                0.76862,                0.69006,                0.57332,                 1.6803,                 1.2689,                 1.5678,                 1.5926,             0.00090125,             0.00090125,             0.00090125
                    234,                  1.159,                0.90905,                0.82832,                 1.2563,                0.69881,                0.85781,                0.88417,                  0.701,                0.71479,                   0.85,                0.89763,                0.68509,                 1.6227,                  1.081,                 1.1462,                 1.4905,             0.00089795,             0.00089795,             0.00089795
                    235,                 1.1632,                0.91837,                0.80941,                  1.194,                0.80031,                0.85972,                0.93545,                0.72368,                0.80031,                0.85972,                0.93639,                0.72755,                 1.4029,                 1.1189,                   1.02,                 1.3993,             0.00089465,             0.00089465,             0.00089465
                    236,                 1.2317,                 1.0243,                0.82604,                 1.2249,                0.74379,                0.83858,                0.94295,                0.71068,                 0.7222,                0.82347,                0.91907,                0.72942,                 1.4152,                0.97137,                 1.0156,                  1.405,             0.00089134,             0.00089134,             0.00089134
                    237,                 1.1246,                0.88195,                0.83384,                 1.2217,                0.75515,                0.82614,                0.92789,                0.70603,                0.75639,                0.81825,                0.91526,                0.73684,                 1.4899,                0.94464,                0.96892,                 1.3901,             0.00088804,             0.00088804,             0.00088804
                    238,                 1.1724,                0.93271,                0.80028,                 1.2518,                0.82769,                 0.8413,                0.92491,                0.73831,                0.84978,                0.85645,                0.94072,                0.72146,                 1.6159,                0.94397,                 1.0412,                 1.3895,             0.00088474,             0.00088474,             0.00088474
                    239,                 1.1835,                0.89234,                0.80051,                   1.19,                0.84974,                0.90527,                0.94109,                0.73316,                0.86739,                    0.9,                0.95109,                0.72061,                  1.618,                0.87508,                 1.1543,                 1.4546,             0.00088144,             0.00088144,             0.00088144
                    240,                  1.188,                0.93916,                0.81491,                 1.2265,                0.72087,                0.87029,                  0.908,                0.68227,                0.73718,                0.88638,                0.92763,                0.74893,                 1.5609,                0.84148,                 1.0998,                 1.4299,             0.00087814,             0.00087814,             0.00087814
                    241,                 1.1393,                0.88523,                0.79297,                 1.2829,                0.67812,                0.83718,                0.92086,                0.69439,                0.67812,                0.83718,                0.92118,                0.72912,                 1.5214,                0.89631,                 1.0781,                 1.4397,             0.00087484,             0.00087484,             0.00087484
                    242,                 1.1555,                0.81102,                 0.8197,                 1.3289,                0.73395,                0.81667,                0.92464,                  0.691,                0.75665,                0.83333,                0.92708,                0.71764,                 1.5756,                0.91844,                 1.0041,                 1.4437,             0.00087154,             0.00087154,             0.00087154
                    243,                 1.2611,                0.96347,                0.90021,                 1.2954,                0.70422,                0.83535,                0.90421,                0.66244,                0.68561,                0.83007,                0.86995,                0.69874,                 1.7057,                0.98789,                 1.1126,                 1.4657,             0.00086824,             0.00086824,             0.00086824
                    244,                 1.1556,                0.96104,                0.76649,                 1.2338,                0.87448,                0.89148,                0.94875,                0.70123,                0.87448,                0.89148,                0.94875,                 0.7277,                 1.5905,                0.97818,                 1.0795,                 1.4263,             0.00086494,             0.00086494,             0.00086494
                    245,                 1.1738,                0.92176,                0.81571,                 1.2469,                 0.3342,                      1,                0.59084,                0.38266,                 0.3342,                      1,                0.60387,                0.42912,                  1.613,                0.98238,                 1.0514,                 1.4106,             0.00086164,             0.00086164,             0.00086164
                    246,                 1.2134,                0.97361,                0.82352,                 1.2063,                0.32189,                0.81056,                0.55372,                0.35766,                0.32139,                0.80647,                0.56089,                0.39658,                 1.6201,                0.95374,                 1.4277,                 1.4529,             0.00085834,             0.00085834,             0.00085834
                    247,                 1.1496,                0.90011,                0.78337,                 1.2769,                0.60212,                0.96667,                0.69592,                0.50463,                0.60212,                0.96667,                0.69669,                0.52047,                 1.4746,                 1.0033,                 1.2875,                 1.4083,             0.00085504,             0.00085504,             0.00085504
                    248,                 1.1813,                 1.0406,                0.80907,                 1.2201,                0.75071,                0.82808,                0.91282,                0.74843,                0.75071,                0.82808,                 0.9098,                0.67092,                 1.4438,                 1.1521,                 1.2112,                 1.4612,             0.00085174,             0.00085174,             0.00085174
                    249,                 1.1177,                0.94699,                0.77336,                 1.2405,                0.82577,                    0.9,                 0.9524,                0.75247,                0.81706,                0.88333,                0.90612,                0.61055,                 1.4032,                 1.0893,                 0.9897,                 1.4485,             0.00084844,             0.00084844,             0.00084844
                    250,                 1.0963,                0.87915,                 0.7278,                 1.1904,                0.77469,                0.94785,                0.94052,                0.67641,                0.76244,                0.93333,                0.92637,                0.65407,                 1.5576,                 1.1086,                   1.03,                  1.531,             0.00084514,             0.00084514,             0.00084514
                    251,                 1.2275,                0.97709,                0.76766,                 1.2483,                0.68901,                    0.9,                  0.876,                0.62572,                0.68585,                0.89379,                0.86449,                0.62544,                 1.8098,                 1.2227,                 1.1576,                 1.6366,             0.00084184,             0.00084184,             0.00084184
                    252,                 1.1614,                0.91938,                0.77136,                 1.1978,                 0.8175,                 0.8266,                0.93812,                0.69495,                0.77505,                0.78947,                0.90094,                0.65161,                 1.5909,                 1.2307,                 1.0555,                 1.4487,             0.00083853,             0.00083853,             0.00083853
                    253,                 1.1236,                0.92804,                0.71887,                 1.1988,                0.82238,                0.79271,                0.91515,                0.72613,                0.79911,                0.76791,                0.87722,                0.64353,                 1.6058,                 1.2976,                 1.1291,                 1.4685,             0.00083523,             0.00083523,             0.00083523
                    254,                 1.1121,                0.89346,                0.72343,                 1.2169,                0.74792,                   0.85,                 0.9375,                0.73954,                0.83288,                   0.75,                 0.8986,                0.70783,                 1.5273,                 1.1796,                 0.9884,                 1.4249,             0.00083193,             0.00083193,             0.00083193
                    255,                 1.1474,                0.90578,                0.73667,                 1.2007,                 0.7481,                0.81667,                 0.9176,                0.70086,                0.68901,                0.87304,                0.92153,                0.71568,                 1.5067,                 1.0959,                 1.0229,                 1.4163,             0.00082863,             0.00082863,             0.00082863
                    256,                 1.1568,                0.86992,                0.74618,                 1.2432,                0.76181,                0.88333,                0.92064,                0.71133,                0.77272,                    0.9,                0.93728,                 0.7463,                 1.4167,                0.96728,                  0.988,                 1.3437,             0.00082533,             0.00082533,             0.00082533
                    257,                 1.1264,                0.92009,                0.79125,                 1.2395,                0.72055,                0.88333,                0.91155,                0.71076,                0.72948,                0.88333,                 0.9202,                0.71561,                 1.3372,                 0.9418,                 1.0427,                 1.3714,             0.00082203,             0.00082203,             0.00082203
                    258,                 1.1098,                0.89968,                0.76166,                  1.205,                0.70935,                0.89596,                0.90013,                0.71373,                0.72663,                0.91201,                0.92485,                0.73137,                 1.2915,                0.95815,                 1.0389,                 1.3552,             0.00081873,             0.00081873,             0.00081873
                    259,                  1.175,                0.92009,                0.78174,                 1.2262,                0.73573,                0.85974,                0.91459,                0.71125,                0.73472,                   0.85,                0.92108,                0.73802,                 1.3404,                0.97005,                 1.0528,                 1.3652,             0.00081543,             0.00081543,             0.00081543
                    260,                 1.1275,                0.85667,                0.74821,                 1.2863,                0.81507,                0.87828,                0.94661,                0.71501,                0.79942,                0.85647,                0.94334,                0.72479,                 1.4053,                0.97656,                 1.1099,                 1.3803,             0.00081213,             0.00081213,             0.00081213
                    261,                 1.1689,                0.94805,                0.78898,                 1.2252,                0.78105,                0.86667,                0.95287,                0.72011,                0.76444,                0.86667,                 0.9639,                0.72606,                 1.4131,                 1.0392,                0.97103,                 1.4003,             0.00080883,             0.00080883,             0.00080883
                    262,                 1.1065,                0.89384,                0.76319,                 1.2046,                 0.7852,                 0.8948,                0.95066,                0.71983,                0.76352,                 0.8819,                0.93523,                0.72203,                 1.4251,                 1.1403,                0.98317,                 1.5179,             0.00080553,             0.00080553,             0.00080553
                    263,                 1.1351,                0.87254,                 0.7615,                 1.2175,                0.75615,                0.88333,                0.93658,                0.71433,                 0.7378,                0.86667,                0.90521,                0.70513,                 1.3953,                 1.2227,                 1.0456,                 1.5725,             0.00080223,             0.00080223,             0.00080223
                    264,                 1.0763,                0.86277,                0.71692,                 1.2023,                0.84648,                0.86692,                0.96129,                0.77468,                0.82566,                0.85026,                0.93419,                 0.7293,                 1.3943,                 1.1176,                0.95184,                 1.3914,             0.00079893,             0.00079893,             0.00079893
                    265,                 1.0737,                0.91213,                0.77772,                 1.1838,                0.82023,                0.88333,                0.95576,                0.73022,                0.80997,                0.86667,                0.92294,                0.78568,                 1.4241,                 1.1113,                0.91662,                 1.4304,             0.00079563,             0.00079563,             0.00079563
                    266,                 1.1172,                0.84018,                0.73517,                 1.2039,                0.80689,                    0.9,                0.96015,                0.71061,                0.76753,                0.86667,                0.91921,                0.72036,                 1.5146,                 1.2065,                0.95182,                 1.4129,             0.00079233,             0.00079233,             0.00079233
                    267,                 1.0549,                0.97233,                0.72841,                 1.1831,                0.74417,                0.86667,                0.91227,                0.66357,                0.80322,                0.83333,                0.92559,                0.73031,                 1.5709,                 1.3667,                 1.0637,                  1.479,             0.00078902,             0.00078902,             0.00078902
                    268,                 1.0697,                0.84968,                0.71604,                 1.1836,                0.74834,                0.80797,                0.89798,                0.65029,                0.79077,                  0.836,                0.92863,                0.72794,                 1.6367,                 1.3627,                  1.069,                 1.5663,             0.00078572,             0.00078572,             0.00078572
                    269,                 1.1156,                0.86726,                0.72647,                  1.251,                0.75648,                0.87884,                0.95015,                0.69239,                0.75648,                0.87884,                0.95015,                0.72079,                 1.5554,                 1.0316,                 1.3665,                 1.4778,             0.00078242,             0.00078242,             0.00078242
                    270,                 1.0708,                0.81652,                 0.7061,                 1.1999,                0.75451,                0.90016,                0.93871,                0.68466,                0.75451,                0.90016,                0.93871,                0.73498,                 1.5708,                 1.0036,                0.97848,                 1.4418,             0.00077912,             0.00077912,             0.00077912
                    271,                 1.1367,                0.97485,                  0.749,                 1.2009,                0.80972,                 0.9453,                0.94977,                0.69789,                0.80972,                 0.9453,                0.94977,                0.75192,                 1.5704,                 0.9647,                 0.9306,                 1.4273,             0.00077582,             0.00077582,             0.00077582
                    272,                 1.1258,                0.92292,                0.70249,                 1.2276,                0.77735,                0.96667,                0.92324,                0.66407,                0.77735,                0.96667,                0.92324,                0.72926,                  1.436,                 1.1776,                 1.0484,                 1.3595,             0.00077252,             0.00077252,             0.00077252
                    273,                 1.1218,                0.97198,                0.73374,                 1.1869,                0.71052,                0.81673,                0.86835,                 0.6603,                0.68878,                0.80007,                0.84034,                0.69303,                  1.425,                 1.1595,                 1.8192,                 1.4181,             0.00076922,             0.00076922,             0.00076922
                    274,                 1.1022,                0.86455,                 0.7155,                 1.1982,                0.76468,                0.82282,                0.89622,                0.69421,                0.74327,                0.80615,                0.86817,                0.72768,                 1.3534,                 1.0428,                 1.6611,                  1.377,             0.00076592,             0.00076592,             0.00076592
                    275,                 1.0278,                0.85328,                0.66592,                 1.1784,                0.63591,                0.96667,                0.94753,                0.72684,                0.62112,                   0.95,                 0.9321,                0.75339,                 1.3707,                 1.0871,                 1.0417,                 1.3347,             0.00076262,             0.00076262,             0.00076262
                    276,                 1.1069,                0.92859,                0.73164,                 1.1833,                 0.8948,                0.85926,                0.95033,                0.73579,                0.87495,                0.83929,                0.92713,                0.75361,                 1.3552,                 1.1775,                 1.5308,                 1.3442,             0.00075932,             0.00075932,             0.00075932
                    277,                 1.1552,                0.83133,                 0.7531,                 1.1769,                0.92728,                0.88539,                0.95662,                0.73454,                0.92728,                0.88539,                0.95505,                0.75101,                 1.3929,                  1.189,                 1.1798,                 1.3359,             0.00075602,             0.00075602,             0.00075602
                    278,                 1.0807,                0.77417,                0.71213,                 1.1612,                0.85769,                0.93447,                0.95527,                0.69571,                0.85769,                0.93447,                0.95646,                0.73701,                 1.6313,                  1.169,                0.92123,                 1.4789,             0.00075272,             0.00075272,             0.00075272
                    279,                 1.1631,                0.96079,                0.75157,                 1.1578,                0.81107,                0.93333,                0.94606,                0.63704,                0.80149,                0.91203,                0.94082,                0.80261,                 1.6367,                  1.099,                0.96797,                 1.5023,             0.00074942,             0.00074942,             0.00074942
                    280,                 1.0989,                0.84457,                0.73316,                 1.1899,                0.85332,                0.88228,                0.95747,                0.70757,                0.85332,                0.88228,                0.95747,                0.73862,                 1.5308,                 1.1615,                 0.9176,                 1.3908,             0.00074612,             0.00074612,             0.00074612
                    281,                 1.0955,                0.90191,                0.72617,                 1.1983,                0.84444,                0.88669,                0.94472,                0.71403,                0.86428,                0.90336,                0.96206,                0.73872,                 1.4807,                 1.1453,                0.86456,                 1.3568,             0.00074282,             0.00074282,             0.00074282
                    282,                 1.0846,                0.79875,                0.71779,                 1.2169,                0.79554,                0.90692,                0.95286,                0.72624,                0.81287,                0.92327,                0.96484,                0.75701,                 1.5196,                 1.0913,                0.89088,                 1.4159,             0.00073951,             0.00073951,             0.00073951
                    283,                 1.0501,                0.89521,                0.68233,                 1.1834,                0.80509,                0.93333,                0.96033,                0.74247,                0.80509,                0.93333,                0.95948,                0.75958,                 1.4221,                0.99184,                0.90437,                 1.3874,             0.00073621,             0.00073621,             0.00073621
                    284,                 1.0657,                0.88748,                0.68164,                 1.1948,                0.92051,                0.86667,                0.94632,                0.73171,                0.92051,                0.86667,                0.94632,                0.74185,                 1.4754,                 1.1758,                0.97963,                 1.3763,             0.00073291,             0.00073291,             0.00073291
                    285,                 1.0048,                0.86506,                0.66343,                 1.1341,                0.90943,                0.88333,                0.94892,                 0.7288,                0.90112,                0.88066,                0.93867,                0.73966,                 1.4658,                 1.3091,                0.96256,                 1.3934,             0.00072961,             0.00072961,             0.00072961
                    286,                 1.1564,                0.93251,                0.73022,                 1.1385,                0.89265,                0.87613,                0.96973,                0.71908,                0.84871,                 0.8426,                0.92408,                0.72414,                 1.3789,                 1.2801,                 1.0392,                 1.3773,             0.00072631,             0.00072631,             0.00072631
                    287,                  1.059,                0.90365,                0.65771,                 1.1421,                0.88043,                0.89282,                0.97344,                0.76683,                0.81987,                0.84125,                0.92869,                0.72952,                 1.3922,                   1.18,                  1.182,                 1.3713,             0.00072301,             0.00072301,             0.00072301
                    288,                 1.0279,                0.80842,                0.65166,                 1.1869,                0.83773,                0.88467,                 0.9572,                0.77267,                0.81821,                0.88333,                 0.9288,                0.79749,                 1.3621,                 1.0502,                0.88618,                 1.3032,             0.00071971,             0.00071971,             0.00071971
                    289,                 1.0791,                0.82702,                0.69267,                 1.2085,                0.79868,                0.94592,                0.94619,                0.75474,                0.78272,                0.92994,                 0.9171,                0.74382,                 1.4372,                 1.0741,                0.88111,                 1.3277,             0.00071641,             0.00071641,             0.00071641
                    290,                 1.0247,                0.88006,                0.68473,                 1.1373,                0.82675,                   0.95,                0.96441,                0.74895,                0.82675,                   0.95,                0.96441,                0.76322,                 1.3695,                  1.097,                 0.8315,                 1.3682,             0.00071311,             0.00071311,             0.00071311
                    291,                 1.1029,                0.88877,                0.68632,                 1.1656,                0.89618,                0.94477,                0.98302,                  0.767,                0.89618,                0.94477,                0.98062,                0.76998,                 1.3447,                 1.1059,                0.88975,                  1.339,             0.00070981,             0.00070981,             0.00070981
                    292,                 1.0726,                0.94585,                0.70619,                 1.1765,                0.93715,                0.92025,                0.97919,                 0.7528,                0.91807,                0.90358,                0.96138,                0.74684,                 1.3808,                 1.0668,                 1.0021,                 1.3121,             0.00070651,             0.00070651,             0.00070651
                    293,                 1.0848,                0.95666,                0.71269,                 1.1674,                0.87947,                    0.9,                0.96306,                 0.7098,                0.87947,                    0.9,                0.95545,                0.75936,                 1.4688,                 1.1683,                 1.0188,                 1.3664,             0.00070321,             0.00070321,             0.00070321
                    294,                 1.0893,                 0.8821,                0.66554,                 1.1161,                0.82879,                0.85798,                0.95771,                0.73179,                0.82879,                0.85798,                0.95771,                0.77281,                 1.3562,                 1.1526,                 1.1131,                 1.3435,             0.00069991,             0.00069991,             0.00069991
                    295,                 1.0346,                 0.8473,                 0.6391,                 1.1228,                0.76569,                0.91682,                0.95822,                0.73704,                 0.7461,                0.90266,                0.92397,                0.75841,                 1.3667,                 1.1821,                0.98734,                 1.3918,             0.00069661,             0.00069661,             0.00069661
                    296,                 1.0428,                0.88664,                0.68782,                 1.1765,                0.83633,                   0.95,                0.96542,                0.74938,                0.81388,                0.93333,                0.94291,                0.74924,                 1.2934,                 1.1909,                0.89259,                 1.3623,             0.00069331,             0.00069331,             0.00069331
                    297,                 1.0478,                0.85783,                0.72498,                 1.2144,                0.82414,                0.89481,                0.97697,                0.75499,                0.82414,                0.89481,                0.97697,                0.75877,                 1.2983,                 1.0304,                0.86242,                 1.2954,                0.00069,                0.00069,                0.00069
                    298,                  1.053,                0.90403,                0.68394,                 1.1691,                0.73287,                 0.9513,                0.96862,                0.75706,                0.73287,                 0.9513,                0.96862,                  0.774,                  1.249,                0.96512,                0.81002,                  1.246,              0.0006867,              0.0006867,              0.0006867
                    299,                 1.0611,                0.91478,                0.67021,                 1.1588,                0.81722,                0.88957,                0.96729,                0.77631,                0.81722,                0.88957,                0.96858,                0.82823,                 1.2023,                0.91442,                0.80737,                 1.2261,              0.0006834,              0.0006834,              0.0006834
                    300,                 1.0414,                0.83098,                0.65781,                 1.1055,                0.84867,                0.93827,                0.98856,                0.75474,                0.84215,                0.95235,                0.98478,                0.79076,                  1.312,                 0.8759,                0.81278,                 1.2629,              0.0006801,              0.0006801,              0.0006801
                    301,                0.99079,                0.80375,                0.63889,                  1.169,                0.85083,                   0.95,                0.98456,                0.74444,                0.85083,                   0.95,                0.98712,                0.79236,                 1.4002,                0.86643,                0.83339,                  1.344,              0.0006768,              0.0006768,              0.0006768
                    302,                  1.036,                0.86604,                0.67732,                 1.1902,                0.83156,                0.97551,                0.98833,                0.75021,                0.83156,                0.97551,                0.99098,                0.79056,                 1.3135,                0.90498,                0.85274,                 1.3645,              0.0006735,              0.0006735,              0.0006735
                    303,                 1.0767,                0.86147,                0.69502,                 1.1335,                0.75758,                0.93333,                0.95914,                0.77892,                0.77578,                   0.95,                0.97499,                0.76294,                 1.2833,                 0.8944,                 2.1896,                  1.315,              0.0006702,              0.0006702,              0.0006702
                    304,                 1.0328,                0.85076,                0.64906,                 1.1462,                0.72491,                 0.9254,                0.94895,                0.74149,                0.74299,                0.94137,                0.96848,                0.75781,                 1.2872,                0.96966,                  2.401,                 1.3311,              0.0006669,              0.0006669,              0.0006669
                    305,                 1.0893,                0.80243,                0.70108,                  1.158,                0.80057,                0.90984,                0.94143,                0.74911,                0.81922,                0.92599,                0.96926,                0.72306,                  1.318,                0.93695,                0.87599,                 1.3377,              0.0006636,              0.0006636,              0.0006636
                    306,                 1.0939,                0.88892,                0.70768,                 1.2006,                0.82492,                    0.9,                0.94055,                0.72119,                0.82492,                    0.9,                0.94795,                0.69761,                 1.3811,                 0.9991,                0.87705,                 1.3778,              0.0006603,              0.0006603,              0.0006603
                    307,                0.98227,                0.89368,                 0.6278,                 1.1759,                0.83213,                0.92278,                0.97672,                0.73053,                 0.7926,                0.89015,                0.93828,                0.73829,                 1.4446,                 1.1283,                0.94429,                 1.4328,               0.000657,               0.000657,               0.000657
                    308,                 1.0046,                0.93762,                 0.6582,                 1.1798,                0.80373,                0.90781,                0.96949,                0.71693,                0.78365,                0.89285,                0.95021,                0.76189,                 1.4043,                  1.204,                 1.1881,                 1.3887,              0.0006537,              0.0006537,              0.0006537
                    309,                 1.0165,                0.77339,                0.65223,                 1.2151,                0.72132,                0.91182,                 0.9668,                 0.7521,                0.71039,                 0.9526,                0.96762,                 0.7758,                 1.4577,                 1.0663,                0.94634,                 1.3539,              0.0006504,              0.0006504,              0.0006504
                    310,                 1.0585,                0.87473,                0.65006,                 1.1667,                0.70803,                0.87828,                0.95383,                0.73486,                0.72202,                0.93333,                0.96018,                0.83778,                 1.4854,                0.96325,                0.93721,                 1.3477,              0.0006471,              0.0006471,              0.0006471
                    311,                 1.0392,                0.95692,                0.67207,                 1.1137,                0.74127,                0.89771,                0.95908,                0.71576,                0.74127,                0.89771,                0.95908,                0.81225,                 1.4578,                 1.0251,                0.84673,                 1.3157,              0.0006438,              0.0006438,              0.0006438
                    312,                 1.0155,                0.85675,                0.66006,                 1.1498,                0.80698,                0.90952,                0.98669,                0.74513,                0.80698,                0.90952,                0.98637,                0.77719,                 1.4695,                 1.0426,                0.79428,                 1.2932,             0.00064049,             0.00064049,             0.00064049
                    313,                 1.0609,                0.91215,                 0.6633,                 1.1095,                0.82609,                0.92584,                0.99227,                0.76125,                0.82609,                0.92584,                0.99227,                0.77791,                 1.3513,                 1.0445,                0.75462,                 1.3057,             0.00063719,             0.00063719,             0.00063719
                    314,                 1.0433,                0.89166,                0.66766,                 1.1254,                0.84495,                0.90196,                0.99267,                0.76704,                 0.8229,                0.91297,                0.98435,                0.77968,                 1.3599,                 1.0278,                 0.8374,                 1.3466,             0.00063389,             0.00063389,             0.00063389
                    315,                0.96678,                0.79375,                 0.6395,                 1.1429,                0.83346,                0.96667,                0.99244,                0.81963,                0.83346,                0.96667,                0.99244,                0.77551,                 1.3161,                 1.0544,                0.83534,                 1.3119,             0.00063059,             0.00063059,             0.00063059
                    316,                0.95976,                0.81965,                0.64457,                 1.1096,                 0.8412,                0.92971,                0.97703,                0.74641,                 0.8412,                0.92971,                0.97703,                0.71143,                 1.3183,                 1.1019,                0.93172,                 1.2848,             0.00062729,             0.00062729,             0.00062729
                    317,                 1.0341,                0.85906,                0.64105,                 1.1399,                0.85123,                0.92721,                0.98087,                0.80459,                0.85123,                0.92721,                0.97574,                0.76467,                 1.2827,                 1.1292,                0.86593,                 1.2517,             0.00062399,             0.00062399,             0.00062399
                    318,                0.99534,                0.82942,                0.64654,                 1.1411,                0.86857,                0.92483,                0.96975,                0.76141,                0.86857,                0.92483,                0.97477,                0.76443,                 1.3496,                 1.0842,                 0.8498,                 1.3015,             0.00062069,             0.00062069,             0.00062069
                    319,                 1.0021,                0.82727,                0.63521,                 1.1294,                0.88587,                0.95474,                0.97442,                0.76634,                 0.8679,                0.93836,                0.96523,                 0.7703,                 1.3313,                 1.0387,                0.83992,                 1.3379,             0.00061739,             0.00061739,             0.00061739
                    320,                 1.0201,                0.78141,                0.65723,                 1.1075,                0.87022,                 0.9507,                0.98981,                0.77487,                0.87022,                 0.9507,                0.98981,                0.76857,                 1.2276,                 1.0212,                0.76101,                 1.2505,             0.00061409,             0.00061409,             0.00061409
                    321,                0.98044,                0.85646,                0.61302,                 1.0895,                0.82362,                0.93064,                0.97959,                0.75864,                0.82362,                0.93064,                0.97676,                0.76763,                 1.2684,                 1.0499,                0.73078,                 1.2463,             0.00061079,             0.00061079,             0.00061079
                    322,                0.96428,                 0.8755,                0.58937,                 1.1358,                0.83673,                0.93991,                0.98919,                0.79776,                0.83673,                0.93991,                0.98919,                0.77573,                 1.2875,                 1.0249,                0.73973,                 1.2565,             0.00060749,             0.00060749,             0.00060749
                    323,                 1.0133,                0.81332,                0.62704,                 1.1197,                0.85971,                0.93865,                0.98466,                0.80518,                0.85971,                0.93865,                0.98466,                0.77437,                 1.2625,                0.94966,                0.75604,                 1.2788,             0.00060419,             0.00060419,             0.00060419
                    324,                 0.9323,                0.85521,                0.62091,                 1.1276,                0.85234,                0.93837,                0.98434,                0.74133,                0.85234,                0.93837,                0.98434,                0.82266,                 1.3414,                0.96921,                0.83017,                 1.2972,             0.00060089,             0.00060089,             0.00060089
                    325,                 1.0451,                0.87928,                 0.6949,                 1.1385,                0.85162,                0.92556,                0.97751,                0.75277,                0.87553,                    0.9,                0.97813,                 0.7672,                  1.338,                 1.0376,                0.93503,                 1.3011,             0.00059759,             0.00059759,             0.00059759
                    326,                0.95292,                0.85862,                0.62473,                  1.076,                0.85541,                0.96566,                0.97775,                0.74675,                0.86243,                    0.9,                 0.9622,                0.75645,                 1.3607,                 1.2309,                0.88885,                 1.3154,             0.00059429,             0.00059429,             0.00059429
                    327,                0.93747,                0.79813,                0.59147,                 1.0853,                0.86179,                   0.95,                0.97575,                0.71658,                0.85743,                0.88333,                0.95915,                0.75371,                 1.5036,                 1.1619,                0.88292,                 1.3717,             0.00059098,             0.00059098,             0.00059098
                    328,                0.97737,                0.79377,                0.62936,                 1.0827,                 0.8891,                0.96956,                 0.9808,                0.79967,                0.87159,                0.95333,                0.96958,                0.70927,                 1.3811,                  1.003,                0.87409,                  1.342,             0.00058768,             0.00058768,             0.00058768
                    329,                 1.0363,                0.80564,                0.62602,                 1.1585,                0.89818,                0.96667,                0.97602,                 0.8014,                0.89818,                0.96667,                0.97602,                 0.7442,                 1.3499,                 1.0588,                   1.11,                  1.322,             0.00058438,             0.00058438,             0.00058438
                    330,                0.97924,                0.81741,                0.62814,                 1.1362,                0.86565,                0.94931,                0.96845,                0.75269,                0.84758,                0.93432,                0.95016,                0.74881,                 1.3724,                 1.1123,                0.83603,                   1.37,             0.00058108,             0.00058108,             0.00058108
                    331,                0.93531,                0.84847,                0.63773,                 1.1025,                0.82156,                0.86667,                0.96011,                0.76166,                0.79923,                   0.85,                 0.9304,                 0.7478,                  1.185,                   1.03,                0.94542,                 1.3259,             0.00057778,             0.00057778,             0.00057778
                    332,                0.96901,                0.79379,                0.62049,                 1.0865,                0.78307,                0.95717,                0.97273,                0.77729,                0.78307,                0.95717,                0.97273,                0.76868,                 1.2243,                0.99898,                 0.8647,                 1.2769,             0.00057448,             0.00057448,             0.00057448
                    333,                0.96545,                0.78626,                0.66077,                 1.1141,                0.79037,                0.98333,                0.97156,                0.80108,                0.79037,                0.98333,                0.97156,                0.76736,                   1.35,                 1.0688,                0.79655,                 1.3354,             0.00057118,             0.00057118,             0.00057118
                    334,                 0.9986,                0.81198,                0.63946,                 1.1339,                0.75263,                0.88392,                0.96818,                 0.8053,                0.75263,                0.88392,                0.96818,                 0.7764,                 1.2958,                  1.127,                 0.9001,                 1.3389,             0.00056788,             0.00056788,             0.00056788
                    335,                0.96101,                0.81495,                 0.5897,                 1.1435,                0.80817,                0.94945,                0.95371,                0.78686,                0.80817,                0.94945,                0.95371,                0.77486,                 1.3778,                  1.195,                0.81475,                 1.3336,             0.00056458,             0.00056458,             0.00056458
                    336,                0.92659,                0.76074,                0.60126,                 1.1001,                0.85077,                   0.95,                0.97368,                 0.7922,                0.83355,                0.93333,                 0.9522,                0.75995,                  1.339,                 1.4069,                0.81037,                  1.297,             0.00056128,             0.00056128,             0.00056128
                    337,                 0.9607,                0.78303,                 0.6116,                 1.0894,                0.86779,                 0.9672,                0.97527,                 0.7887,                0.83287,                0.93406,                0.95118,                0.75982,                 1.3787,                 1.2464,                0.83801,                 1.3394,             0.00055798,             0.00055798,             0.00055798
                    338,                0.99895,                0.79114,                0.64502,                 1.1232,                0.85343,                0.96847,                0.97295,                0.79197,                0.83563,                0.95312,                0.95505,                0.75384,                 1.3796,                 1.1825,                0.84134,                 1.3347,             0.00055468,             0.00055468,             0.00055468
                    339,                0.90463,                0.81125,                0.58483,                 1.0901,                0.84809,                0.94854,                0.97684,                0.80085,                0.84809,                0.94854,                0.97684,                0.77111,                  1.298,                 1.1298,                0.86827,                 1.2319,             0.00055138,             0.00055138,             0.00055138
                    340,                0.95897,                0.91919,                 0.6241,                 1.1098,                0.82543,                0.94221,                0.97072,                0.80724,                0.80643,                0.92697,                0.95768,                0.75913,                 1.2551,                 1.1051,                0.92224,                 1.2092,             0.00054808,             0.00054808,             0.00054808
                    341,                0.92066,                0.81057,                0.59326,                 1.1129,                0.81823,                0.96667,                0.98247,                0.81782,                0.81823,                0.96667,                0.97993,                0.78136,                 1.2553,                 1.0337,                0.80876,                 1.2136,             0.00054478,             0.00054478,             0.00054478
                    342,                0.92877,                0.84772,                0.61192,                 1.1122,                0.82561,                0.94205,                0.97336,                  0.824,                0.82561,                0.94205,                0.97638,                0.78249,                 1.2362,                 1.0163,                0.78395,                 1.2486,             0.00054147,             0.00054147,             0.00054147
                    343,                0.92205,                0.79116,                0.62041,                 1.0884,                0.88414,                0.93279,                0.98119,                0.81865,                0.88414,                0.93279,                0.98629,                0.78058,                 1.2743,                0.96499,                0.80651,                 1.2618,             0.00053817,             0.00053817,             0.00053817
                    344,                0.91694,                 0.7508,                  0.602,                 1.1067,                0.93279,                0.97287,                0.99452,                0.76559,                0.93279,                0.97287,                0.99452,                0.79098,                 1.2488,                 0.8869,                0.75589,                 1.2289,             0.00053487,             0.00053487,             0.00053487
                    345,                0.86085,                0.78469,                0.56762,                 1.0832,                 0.8726,                0.98333,                 0.9869,                0.76552,                 0.8726,                0.98333,                 0.9869,                0.80078,                 1.2718,                0.88561,                0.72036,                 1.2541,             0.00053157,             0.00053157,             0.00053157
                    346,                0.91507,                0.76127,                 0.6038,                 1.0885,                0.87427,                0.98483,                0.99123,                0.78315,                0.87427,                0.98483,                0.99123,                0.81001,                 1.2698,                0.89034,                0.70662,                 1.2641,             0.00052827,             0.00052827,             0.00052827
                    347,                0.98954,                 0.8054,                0.67027,                 1.1233,                0.88403,                0.97008,                0.99084,                0.78273,                0.88403,                0.97008,                0.99084,                0.81196,                 1.2906,                0.81247,                0.69159,                 1.2731,             0.00052497,             0.00052497,             0.00052497
                    348,                0.91262,                0.78636,                0.61693,                 1.0778,                0.87446,                0.97545,                0.98302,                0.77589,                0.87446,                0.97545,                0.97763,                0.78704,                  1.285,                0.84149,                0.70688,                  1.204,             0.00052167,             0.00052167,             0.00052167
                    349,                0.93957,                0.87669,                0.61258,                 1.1061,                0.89814,                   0.95,                0.98448,                0.77686,                0.91155,                   0.95,                0.98066,                0.78908,                 1.2707,                0.86387,                0.76802,                 1.2262,             0.00051837,             0.00051837,             0.00051837
                    350,                0.94925,                0.76801,                0.58894,                 1.0748,                0.91047,                0.96667,                0.98443,                0.76697,                0.89325,                   0.95,                0.96253,                0.78715,                 1.2795,                0.97793,                0.83307,                 1.2445,             0.00051507,             0.00051507,             0.00051507
                    351,                0.90928,                0.75933,                0.59946,                 1.1041,                0.87529,                0.98333,                0.98289,                0.79286,                0.85814,                0.96667,                0.96025,                0.77672,                 1.4222,                 1.1145,                0.86644,                 1.2482,             0.00051177,             0.00051177,             0.00051177
                    352,                0.96861,                0.86127,                0.61265,                 1.0915,                0.76277,                0.98333,                 0.9744,                0.80793,                0.74744,                0.96698,                0.95564,                0.78697,                 1.2522,                 1.0791,                0.80476,                 1.2183,             0.00050847,             0.00050847,             0.00050847
                    353,                0.93349,                0.75432,                0.59266,                 1.0602,                0.72441,                   0.95,                 0.9622,                0.81141,                0.70532,                0.93333,                0.94418,                0.73511,                 1.1964,                0.99879,                  1.272,                 1.1983,             0.00050517,             0.00050517,             0.00050517
                    354,                0.94528,                0.84402,                0.60163,                 1.0633,                0.81963,                0.96667,                0.98278,                0.76242,                0.80186,                   0.95,                0.95259,                0.75261,                 1.2589,                 0.9646,                0.96731,                 1.2477,             0.00050187,             0.00050187,             0.00050187
                    355,                0.88397,                0.72748,                0.59541,                 1.0768,                 0.8291,                0.97205,                0.97968,                0.76906,                0.80828,                 0.9588,                 0.9667,                0.78134,                 1.2125,                0.93072,                0.71273,                 1.2487,             0.00049857,             0.00049857,             0.00049857
                    356,                0.89318,                0.73136,                0.56345,                 1.0851,                0.77982,                0.87211,                0.98061,                0.78528,                0.74486,                0.89142,                0.95566,                0.78869,                 1.1481,                0.92208,                0.79128,                 1.2699,             0.00049527,             0.00049527,             0.00049527
                    357,                0.89993,                0.87334,                0.56962,                 1.0755,                0.76725,                0.90547,                 0.9807,                0.78511,                0.74658,                0.88979,                0.95811,                0.79745,                 1.1877,                0.87882,                0.78974,                 1.2682,             0.00049197,             0.00049197,             0.00049197
                    358,                0.93553,                0.76476,                0.58876,                 1.0719,                0.83011,                0.98333,                0.97908,                0.77101,                 0.8135,                0.96667,                 0.9631,                0.79392,                 1.2433,                0.87166,                0.74474,                 1.2256,             0.00048866,             0.00048866,             0.00048866
                    359,                0.91422,                0.75614,                0.58085,                 1.0954,                 0.8577,                0.98333,                0.98402,                0.82837,                0.84056,                0.96667,                0.97207,                0.80009,                 1.3389,                 1.0147,                0.74727,                 1.2802,             0.00048536,             0.00048536,             0.00048536
                    360,                0.89105,                0.90649,                0.59008,                 1.0619,                0.85729,                0.98333,                0.97878,                0.83335,                0.85729,                0.98333,                0.97878,                0.78409,                 1.2779,                 1.0408,                 0.7542,                 1.2517,             0.00048206,             0.00048206,             0.00048206
                    361,                0.94793,                0.82429,                0.58587,                  1.074,                0.90003,                0.98333,                0.98789,                0.78186,                0.88388,                0.96811,                0.98239,                0.78772,                 1.2687,                0.96384,                0.75913,                 1.2158,             0.00047876,             0.00047876,             0.00047876
                    362,                0.92005,                0.84828,                0.60067,                 1.0712,                0.91299,                0.98333,                0.98428,                0.83442,                0.91299,                0.98333,                0.98428,                0.78075,                 1.2907,                0.92972,                0.73081,                  1.195,             0.00047546,             0.00047546,             0.00047546
                    363,                0.87615,                0.74348,                0.58492,                 1.0976,                0.91131,                0.96416,                0.98426,                0.81776,                0.91131,                0.96416,                0.98426,                0.78554,                 1.3018,                0.89826,                0.83406,                 1.1993,             0.00047216,             0.00047216,             0.00047216
                    364,                0.89823,                0.70069,                0.58876,                 1.0919,                 0.9334,                0.93273,                0.98288,                0.79749,                0.93528,                0.93083,                0.97917,                0.78407,                 1.3151,                0.95213,                0.89306,                 1.2403,             0.00046886,             0.00046886,             0.00046886
                    365,                0.85914,                0.73767,                0.57661,                 1.0425,                0.91881,                0.94507,                  0.983,                0.80702,                0.91457,                0.93333,                0.97888,                0.79095,                 1.2921,                 1.0195,                0.83565,                 1.2257,             0.00046556,             0.00046556,             0.00046556
                    366,                0.92686,                0.79897,                0.58433,                 1.0554,                0.88475,                0.98333,                0.98318,                0.83816,                0.87446,                0.96667,                0.98186,                0.80593,                  1.235,                 1.0327,                0.81329,                 1.1836,             0.00046226,             0.00046226,             0.00046226
                    367,                0.89294,                0.77534,                0.58995,                  1.068,                0.87111,                0.98333,                0.98849,                0.85433,                0.86039,                0.96667,                0.98667,                0.80592,                 1.1412,                0.99721,                0.74741,                 1.1352,             0.00045896,             0.00045896,             0.00045896
                    368,                 0.9023,                0.74004,                0.61524,                 1.1118,                0.84412,                0.96667,                0.98865,                0.84032,                0.84412,                0.96667,                0.98865,                0.79744,                 1.1395,                 1.0169,                0.74952,                 1.1088,             0.00045566,             0.00045566,             0.00045566
                    369,                0.88547,                0.70434,                0.57557,                 1.1091,                0.78229,                0.96559,                0.98217,                0.82961,                0.78229,                0.96559,                0.98217,                0.79638,                 1.1337,                 1.0574,                0.71402,                  1.113,             0.00045236,             0.00045236,             0.00045236
                    370,                0.87333,                0.87011,                0.56599,                 1.0382,                 0.8171,                0.98333,                0.98442,                0.82284,                 0.8171,                0.98333,                0.98442,                0.84286,                 1.1917,                 1.1323,                0.80342,                 1.1551,             0.00044906,             0.00044906,             0.00044906
                    371,                0.86894,                0.79827,                0.57049,                 1.0662,                0.81129,                0.98333,                0.97349,                0.81162,                0.81129,                0.98333,                0.97349,                0.78702,                  1.221,                 1.0782,                0.72689,                 1.1914,             0.00044576,             0.00044576,             0.00044576
                    372,                0.93754,                0.74579,                0.59239,                 1.0829,                  0.828,                0.96667,                0.97649,                0.76376,                0.82361,                0.96242,                0.97566,                0.80501,                 1.2656,                  1.012,                0.69532,                 1.2291,             0.00044246,             0.00044246,             0.00044246
                    373,                0.94076,                0.77865,                0.61062,                 1.0961,                0.84159,                0.95998,                0.96371,                0.76065,                 0.8471,                0.95187,                0.98308,                0.78097,                 1.2508,                0.99406,                0.69183,                 1.2232,             0.00043915,             0.00043915,             0.00043915
                    374,                0.86276,                0.76161,                 0.5564,                 1.0506,                0.81122,                0.95966,                0.96417,                0.77623,                 0.8122,                0.95891,                0.98385,                0.79226,                 1.1794,                0.98636,                0.70587,                 1.2222,             0.00043585,             0.00043585,             0.00043585
                    375,                0.87505,                0.86262,                0.57384,                  1.094,                0.81747,                0.96208,                0.98849,                0.78876,                0.79943,                0.94542,                0.98235,                0.79924,                 1.1886,                0.98139,                0.76205,                 1.2769,             0.00043255,             0.00043255,             0.00043255
                    376,                0.92663,                0.93375,                0.60234,                 1.0627,                0.81847,                0.95522,                0.98654,                0.77651,                0.81847,                0.95522,                0.98654,                0.80583,                 1.3101,                0.92931,                0.83719,                 1.3037,             0.00042925,             0.00042925,             0.00042925
                    377,                0.91976,                0.80716,                0.58729,                  1.124,                0.88155,                0.96873,                0.98522,                0.77506,                0.88155,                0.96873,                0.98522,                0.80192,                 1.3215,                0.96205,                0.74744,                 1.3164,             0.00042595,             0.00042595,             0.00042595
                    378,                0.86416,                0.71157,                0.55488,                 1.0879,                0.89777,                0.98333,                0.98295,                0.77451,                0.89777,                0.98333,                0.98295,                0.80364,                 1.2961,                 1.0811,                0.71457,                 1.2831,             0.00042265,             0.00042265,             0.00042265
                    379,                0.91399,                0.83046,                0.60305,                 1.1137,                0.86797,                0.98333,                0.98152,                0.77281,                0.86797,                0.98333,                0.98152,                0.79366,                 1.2571,                 1.1601,                 0.7034,                 1.2791,             0.00041935,             0.00041935,             0.00041935
                    380,                0.91939,                0.77245,                0.60217,                 1.1178,                0.85927,                0.98333,                0.98395,                0.82813,                0.84316,                0.96722,                0.98006,                 0.7853,                 1.2617,                 1.1048,                0.69777,                 1.2627,             0.00041605,             0.00041605,             0.00041605
                    381,                0.86007,                 0.8082,                0.55985,                 1.0499,                0.87831,                0.98333,                0.98225,                0.82056,                0.86777,                0.96667,                0.98015,                 0.7841,                 1.2437,                 1.1193,                0.68258,                 1.2612,             0.00041275,             0.00041275,             0.00041275
                    382,                 0.9354,                0.78765,                0.58202,                  1.038,                0.88894,                0.98333,                0.98102,                0.81055,                0.88894,                0.98333,                0.98102,                0.77907,                  1.278,                 1.0375,                0.68862,                 1.2562,             0.00040945,             0.00040945,             0.00040945
                    383,                 0.8759,                 0.7022,                0.56091,                 1.0628,                0.90208,                0.98333,                0.98703,                 0.7712,                0.90208,                0.98333,                0.98703,                0.78672,                 1.2694,                0.92657,                0.72969,                 1.2134,             0.00040615,             0.00040615,             0.00040615
                    384,                0.91727,                0.80768,                 0.5794,                 1.0906,                0.89421,                0.97888,                0.99023,                0.78194,                0.89421,                0.97888,                0.99023,                0.80927,                 1.2271,                 0.8887,                0.71821,                 1.1839,             0.00040285,             0.00040285,             0.00040285
                    385,                0.88268,                0.73535,                0.56331,                 1.0608,                0.86392,                0.95752,                0.97533,                0.83282,                0.87816,                0.96667,                0.99104,                0.80997,                  1.145,                0.97092,                0.71396,                 1.1678,             0.00039955,             0.00039955,             0.00039955
                    386,                0.87981,                0.70759,                0.56445,                 1.0565,                0.86392,                0.96667,                0.98438,                0.82672,                0.87106,                 0.9639,                0.98443,                0.85042,                 1.2395,                 1.0823,                0.67662,                 1.2447,             0.00039625,             0.00039625,             0.00039625
                    387,                0.90937,                0.71218,                0.60127,                  1.067,                0.89669,                0.95997,                0.98681,                0.80647,                0.89669,                0.95997,                0.97251,                0.84503,                 1.2458,                 1.2176,                0.70487,                 1.2011,             0.00039295,             0.00039295,             0.00039295
                    388,                0.83742,                  0.755,                0.53899,                 1.0386,                0.92469,                0.98036,                0.98957,                0.82657,                0.90703,                0.96402,                 0.9702,                 0.8396,                 1.2134,                 1.2122,                0.69435,                 1.1888,             0.00038964,             0.00038964,             0.00038964
                    389,                0.90478,                0.85993,                0.58046,                 1.0722,                0.91844,                0.97588,                0.98348,                 0.8284,                0.90334,                0.95726,                0.97564,                0.79125,                 1.2741,                 1.0647,                0.73329,                 1.2068,             0.00038634,             0.00038634,             0.00038634
                    390,                0.87099,                0.80879,                0.57764,                 1.0346,                0.88427,                0.95681,                0.98421,                0.78734,                0.88525,                0.95635,                 0.9828,                0.80789,                  1.327,                 1.0203,                0.75495,                 1.2286,             0.00038304,             0.00038304,             0.00038304
                    391,                0.83959,                0.69057,                0.54638,                 1.0641,                0.87158,                0.96939,                0.98466,                0.84286,                0.87158,                0.96939,                0.98466,                0.79668,                 1.2926,                 1.0501,                0.71771,                  1.232,             0.00037974,             0.00037974,             0.00037974
                    392,                 0.8563,                0.78378,                0.56029,                   1.04,                0.85442,                0.98053,                0.98244,                0.82446,                0.85442,                0.98053,                0.98244,                0.78582,                 1.2925,                  1.082,                0.70125,                 1.2449,             0.00037644,             0.00037644,             0.00037644
                    393,                0.86631,                0.75672,                0.55053,                 1.0562,                0.86193,                0.98333,                0.98414,                0.78189,                0.86193,                0.98333,                0.98414,                0.80123,                 1.2245,                0.96715,                0.70678,                 1.2164,             0.00037314,             0.00037314,             0.00037314
                    394,                0.89188,                 0.7497,                0.56596,                 1.0204,                0.90252,                0.98333,                0.98326,                0.77256,                0.87094,                0.95234,                0.97636,                0.79447,                 1.2348,                0.96102,                0.72859,                 1.2336,             0.00036984,             0.00036984,             0.00036984
                    395,                0.87505,                 0.8325,                0.55819,                 1.0528,                0.91583,                0.97983,                0.98384,                0.76613,                0.89846,                0.96316,                0.98046,                0.77716,                 1.2022,                0.92414,                 0.7368,                 1.1904,             0.00036654,             0.00036654,             0.00036654
                    396,                0.81217,                0.76524,                0.55094,                 1.0589,                0.92322,                0.95677,                0.98918,                0.83258,                0.92322,                0.95677,                0.98918,                0.79713,                 1.1288,                 0.8315,                0.67523,                  1.124,             0.00036324,             0.00036324,             0.00036324
                    397,                0.82355,                0.74262,                0.53981,                 1.0579,                0.90781,                0.96667,                0.99236,                0.85017,                0.90781,                0.96667,                0.99236,                0.80488,                 1.1003,                0.86732,                0.70839,                 1.1412,             0.00035994,             0.00035994,             0.00035994
                    398,                 0.8047,                0.70983,                0.54521,                 1.0273,                0.87509,                0.96667,                0.99356,                0.85705,                0.87509,                0.96667,                0.99356,                0.80881,                 1.1195,                0.91555,                0.71468,                 1.1606,             0.00035664,             0.00035664,             0.00035664
                    399,                0.81427,                0.74843,                0.52543,                 1.0829,                0.87653,                0.97716,                  0.992,                0.85444,                0.87653,                0.97716,                  0.992,                0.79951,                 1.1179,                0.98137,                0.69425,                 1.1832,             0.00035334,             0.00035334,             0.00035334
                    400,                0.84039,                0.72842,                0.57809,                 1.0442,                0.88734,                0.98333,                   0.98,                0.77511,                0.87463,                0.96667,                0.97869,                 0.7814,                 1.1336,                 1.0535,                0.72413,                 1.1476,             0.00035004,             0.00035004,             0.00035004
                    401,                0.87479,                0.79678,                 0.5834,                 1.0432,                0.89051,                0.98333,                 0.9714,                0.76527,                0.87392,                0.96667,                0.96609,                0.77063,                 1.1431,                 1.0669,                0.80144,                  1.138,             0.00034674,             0.00034674,             0.00034674
                    402,                0.79856,                0.72418,                0.55259,                 1.0501,                0.89947,                0.98333,                0.98716,                0.78849,                0.88306,                0.96667,                0.98127,                0.79903,                 1.1074,                 1.0196,                0.71433,                 1.1209,             0.00034344,             0.00034344,             0.00034344
                    403,                0.91806,                0.73778,                0.57761,                 1.0485,                 0.9047,                0.98333,                0.98119,                0.85062,                0.88957,                0.96667,                0.97949,                0.79731,                 1.0942,                0.97857,                0.69231,                 1.1185,             0.00034013,             0.00034013,             0.00034013
                    404,                0.83676,                0.73756,                0.56495,                 1.0514,                0.95092,                0.98333,                0.99154,                0.84099,                0.93606,                0.96817,                0.99104,                0.81534,                 1.1095,                0.92684,                0.68489,                 1.1389,             0.00033683,             0.00033683,             0.00033683
                    405,                0.90642,                0.79641,                0.57714,                 1.0279,                0.96256,                0.98333,                0.97358,                0.83109,                0.96256,                0.98333,                0.97358,                0.79536,                 1.2199,                0.93203,                0.70239,                 1.1793,             0.00033353,             0.00033353,             0.00033353
                    406,                0.81224,                0.71249,                0.53786,                 1.0147,                0.95705,                0.98098,                0.97133,                0.83015,                0.95705,                0.98098,                0.97133,                0.78464,                  1.239,                0.98093,                0.72108,                 1.1799,             0.00033023,             0.00033023,             0.00033023
                    407,                0.89525,                0.79333,                0.54357,                 1.0323,                0.90978,                0.96667,                0.98832,                0.82983,                0.90978,                0.96667,                0.98832,                0.80584,                 1.2429,                0.98036,                 0.7247,                 1.1794,             0.00032693,             0.00032693,             0.00032693
                    408,                0.87878,                0.82534,                0.56448,                 1.0313,                0.82955,                0.96667,                0.94787,                0.80878,                0.84619,                0.98333,                0.96713,                0.79571,                   1.23,                0.93451,                0.75898,                 1.2023,             0.00032363,             0.00032363,             0.00032363
                    409,                0.89387,                0.71208,                0.56919,                 1.0683,                0.83887,                0.97947,                0.97466,                0.79869,                0.83887,                0.97947,                0.97466,                0.79675,                  1.323,                 0.9418,                0.75223,                 1.2626,             0.00032033,             0.00032033,             0.00032033
                    410,                0.88503,                0.68094,                0.57857,                 1.0285,                0.82313,                0.97761,                  0.975,                0.80933,                0.81453,                0.96667,                0.97403,                0.79755,                 1.2692,                 0.9923,                0.74639,                 1.2029,             0.00031703,             0.00031703,             0.00031703
                    411,                0.85278,                0.71017,                0.54805,                  1.028,                0.86178,                0.96502,                0.99364,                0.82677,                0.86652,                0.94959,                0.99166,                0.79657,                 1.1768,                 1.0219,                0.74079,                 1.1429,             0.00031373,             0.00031373,             0.00031373
                    412,                0.90939,                0.78083,                0.57227,                 1.0239,                  0.816,                0.93905,                0.96478,                0.83778,                0.83273,                0.95612,                0.98123,                0.78182,                 1.1193,                0.94208,                0.70745,                 1.1343,             0.00031043,             0.00031043,             0.00031043
                    413,                0.87303,                0.71684,                0.56543,                 1.0316,                0.79776,                0.93603,                0.96275,                0.83237,                0.81552,                0.95269,                0.98148,                0.80062,                 1.1483,                0.92298,                0.73131,                 1.1352,             0.00030713,             0.00030713,             0.00030713
                    414,                0.88806,                0.75841,                0.58984,                 1.0292,                0.84836,                0.95652,                0.98918,                0.83257,                  0.853,                   0.95,                0.98802,                0.81123,                  1.185,                0.95287,                0.71453,                 1.1188,             0.00030383,             0.00030383,             0.00030383
                    415,                0.87012,                0.78108,                0.57067,                 1.0381,                0.85327,                0.95118,                0.98616,                0.81796,                0.85867,                0.94877,                0.98042,                0.79253,                 1.2286,                 1.0042,                0.76859,                 1.1216,             0.00030053,             0.00030053,             0.00030053
                    416,                0.89075,                0.81668,                0.55429,                 1.0305,                0.82789,                0.98333,                0.98093,                0.82569,                0.81251,                0.96767,                0.98043,                0.78759,                 1.1586,                 1.0563,                0.79756,                 1.1434,             0.00029723,             0.00029723,             0.00029723
                    417,                0.85551,                0.84255,                  0.573,                 1.0395,                0.78325,                0.97631,                0.97403,                 0.8187,                0.76377,                0.96059,                0.96995,                0.78711,                 1.1622,                 1.0345,                 0.8092,                 1.1728,             0.00029393,             0.00029393,             0.00029393
                    418,                0.85583,                0.76405,                0.53924,                 1.0511,                0.77588,                0.96667,                0.97445,                0.81304,                0.76579,                0.96974,                0.96974,                 0.7921,                  1.186,                 1.0259,                0.80721,                 1.1767,             0.00029062,             0.00029062,             0.00029062
                    419,                0.84941,                0.75615,                0.53527,                 1.0344,                0.80239,                0.98333,                0.97618,                0.81732,                0.78276,                0.97587,                0.97138,                0.79225,                 1.1995,                 1.0163,                0.80082,                 1.1658,             0.00028732,             0.00028732,             0.00028732
                    420,                0.78137,                0.67424,                0.51109,                  1.026,                 0.8551,                0.98333,                0.98402,                0.79246,                0.84018,                0.96891,                0.98352,                0.79234,                   1.18,                 1.0208,                0.75797,                 1.1379,             0.00028402,             0.00028402,             0.00028402
                    421,                0.82814,                0.75667,                0.51827,                  1.025,                0.86947,                0.98333,                0.98368,                0.84153,                0.86947,                0.98333,                0.98368,                0.80514,                 1.1501,                0.99132,                0.72557,                 1.1161,             0.00028072,             0.00028072,             0.00028072
                    422,                0.85664,                0.77607,                0.54134,                 1.0225,                0.89291,                0.98333,                0.98592,                 0.7997,                0.89291,                0.98333,                0.98592,                0.80061,                 1.1238,                0.99638,                0.69131,                 1.0919,             0.00027742,             0.00027742,             0.00027742
                    423,                0.80079,                0.71182,                 0.5312,                 1.0015,                0.89359,                0.98333,                 0.9875,                0.78877,                0.89359,                0.98333,                 0.9875,                0.79677,                 1.1702,                0.97783,                0.71083,                  1.121,             0.00027412,             0.00027412,             0.00027412
                    424,                0.86329,                0.75913,                0.55644,                 1.0364,                0.89718,                0.98333,                0.98662,                0.85674,                0.89718,                0.98333,                0.98833,                0.80242,                 1.0772,                   0.96,                0.67438,                 1.0847,             0.00027082,             0.00027082,             0.00027082
                    425,                0.84157,                0.79983,                 0.5482,                 1.0415,                0.89469,                0.98333,                0.98321,                0.85337,                0.89469,                0.98333,                0.98321,                0.79007,                 1.0725,                0.94739,                0.66059,                 1.0782,             0.00026752,             0.00026752,             0.00026752
                    426,                0.84308,                0.72033,                0.54856,                 1.0634,                0.91355,                0.97256,                0.99125,                 0.7988,                0.91355,                0.97256,                0.99406,                0.79657,                 1.1342,                0.99624,                0.69223,                 1.0976,             0.00026422,             0.00026422,             0.00026422
                    427,                0.78154,                0.70549,                 0.5316,                  1.035,                 0.9128,                0.96933,                0.98978,                0.83975,                 0.9128,                0.96933,                0.99324,                0.79883,                 1.1534,                 1.0417,                0.74545,                 1.1026,             0.00026092,             0.00026092,             0.00026092
                    428,                0.77553,                0.67042,                 0.5013,                 1.0358,                0.91576,                0.96667,                0.98713,                0.85155,                0.91576,                0.96667,                0.98713,                0.74894,                 1.1592,                 1.0324,                0.74041,                 1.1106,             0.00025762,             0.00025762,             0.00025762
                    429,                0.77382,                0.73705,                0.51505,                 1.0002,                0.91423,                0.97866,                0.98544,                0.80728,                0.91423,                0.97866,                0.98544,                 0.7512,                 1.2097,                 1.0681,                0.65631,                 1.1636,             0.00025432,             0.00025432,             0.00025432
                    430,                0.79483,                0.73161,                0.50709,                 1.0183,                0.90228,                0.96667,                0.98436,                0.85585,                0.90228,                0.96667,                0.98436,                0.74975,                 1.1558,                 1.1408,                0.63918,                 1.1344,             0.00025102,             0.00025102,             0.00025102
                    431,                0.75513,                0.69688,                0.48801,                 1.0248,                0.87614,                0.98333,                0.97358,                0.84963,                0.87614,                0.98333,                0.97358,                0.74616,                 1.1223,                 1.1623,                0.63315,                 1.1255,             0.00024772,             0.00024772,             0.00024772
                    432,                0.81057,                0.75839,                0.50589,                0.99447,                0.88992,                0.96667,                 0.9729,                0.83665,                0.88992,                0.96667,                 0.9729,                0.78464,                 1.1396,                 1.1174,                0.64088,                 1.1598,             0.00024442,             0.00024442,             0.00024442
                    433,                0.83702,                0.69595,                0.54793,                 1.0306,                  0.891,                0.96667,                0.97077,                0.82642,                  0.891,                0.96667,                0.97077,                0.77976,                 1.1482,                 1.0327,                0.67088,                 1.1806,             0.00024111,             0.00024111,             0.00024111
                    434,                0.80362,                0.69915,                0.52192,                 1.0335,                0.87656,                0.98333,                0.96878,                0.82671,                0.87656,                0.98333,                0.96878,                0.77308,                 1.1765,                0.96327,                0.66524,                 1.2123,             0.00023781,             0.00023781,             0.00023781
                    435,                0.80474,                0.78458,                0.52034,                 1.0056,                0.87361,                0.98333,                0.98218,                0.78531,                0.87361,                0.98333,                0.98218,                0.78387,                 1.1662,                0.94718,                0.65964,                 1.1862,             0.00023451,             0.00023451,             0.00023451
                    436,                0.80048,                0.76019,                0.51352,                 1.0268,                0.86629,                0.98333,                0.98335,                0.84001,                0.86629,                0.98333,                0.99197,                 0.7897,                  1.172,                 0.9452,                0.67051,                 1.1882,             0.00023121,             0.00023121,             0.00023121
                    437,                0.78266,                0.68923,                0.50576,                 0.9869,                0.88638,                0.97836,                0.98492,                0.82652,                0.88638,                0.97836,                0.99406,                0.79315,                 1.1683,                0.93999,                0.66468,                 1.1866,             0.00022791,             0.00022791,             0.00022791
                    438,                0.78542,                 0.7822,                0.50982,                 1.0252,                0.87916,                0.98333,                0.99406,                0.83468,                0.86566,                0.96916,                0.99356,                0.80569,                 1.1444,                 0.9117,                0.67601,                 1.1807,             0.00022461,             0.00022461,             0.00022461
                    439,                0.75762,                0.67871,                0.49772,                0.98813,                0.89007,                0.98793,                  0.995,                0.83888,                0.87836,                0.96979,                 0.9929,                0.81322,                 1.1088,                0.94199,                0.66564,                 1.1567,             0.00022131,             0.00022131,             0.00022131
                    440,                0.78573,                0.71443,                0.51702,                 1.0235,                0.89727,                0.98333,                0.99452,                0.85863,                0.88382,                 0.9748,                 0.9929,                 0.8169,                   1.07,                0.95494,                0.65119,                 1.1635,             0.00021801,             0.00021801,             0.00021801
                    441,                0.82087,                0.70886,                  0.521,                 1.0288,                0.90219,                0.98333,                0.99452,                0.80977,                0.90219,                0.98333,                0.99452,                0.81393,                 1.0724,                0.93563,                0.64623,                 1.1701,             0.00021471,             0.00021471,             0.00021471
                    442,                0.77602,                0.79065,                0.48897,                 1.0323,                0.91052,                0.98748,                  0.995,                0.85361,                0.91052,                0.98748,                  0.995,                0.80592,                  1.133,                0.91809,                0.63985,                 1.1991,             0.00021141,             0.00021141,             0.00021141
                    443,                0.75459,                0.68818,                0.49778,                0.99377,                 0.8902,                0.98333,                0.98044,                0.78374,                 0.8902,                0.98333,                0.98906,                0.80437,                 1.1906,                0.93085,                0.64089,                 1.2147,             0.00020811,             0.00020811,             0.00020811
                    444,                 0.8333,                0.79334,                0.55739,                 1.0586,                0.90456,                0.98589,                  0.995,                0.80214,                0.90456,                0.98589,                  0.995,                0.80991,                 1.0944,                0.92125,                0.65043,                 1.1919,             0.00020481,             0.00020481,             0.00020481
                    445,                0.76309,                0.67694,                0.50457,                0.99407,                0.89129,                0.98558,                  0.995,                0.80796,                0.89129,                0.98558,                  0.995,                0.80456,                 1.0854,                0.89927,                0.65926,                 1.1799,             0.00020151,             0.00020151,             0.00020151
                    446,                0.80818,                0.67318,                 0.5076,                0.99045,                0.85768,                 0.9859,                0.98855,                0.84515,                0.85768,                 0.9859,                0.98855,                0.80403,                 1.1056,                0.87779,                0.65014,                 1.1588,             0.00019821,             0.00019821,             0.00019821
                    447,                0.79617,                0.74092,                0.50056,                 1.0346,                0.84754,                0.98519,                0.98919,                 0.7967,                0.84754,                0.98519,                0.98919,                0.80406,                 1.1061,                0.86714,                 0.6438,                 1.1516,             0.00019491,             0.00019491,             0.00019491
                    448,                0.82223,                0.67266,                0.53824,                 1.0256,                0.85286,                0.98519,                0.98532,                0.84583,                0.85286,                0.98519,                0.98532,                0.80564,                 1.1187,                0.85638,                0.65701,                 1.1435,              0.0001916,              0.0001916,              0.0001916
                    449,                  0.768,                0.74291,                0.52249,                 1.0047,                0.88314,                0.98513,                  0.995,                0.84971,                0.88314,                0.98513,                  0.995,                0.80935,                  1.143,                0.83667,                0.63312,                 1.1304,              0.0001883,              0.0001883,              0.0001883
                    450,                0.77586,                0.76732,                0.50504,                0.98734,                0.87879,                0.98489,                0.99177,                0.79068,                0.87879,                0.98489,                0.99177,                 0.7961,                  1.125,                0.83137,                0.61363,                 1.1141,               0.000185,               0.000185,               0.000185
                    451,                0.80518,                0.75563,                 0.5361,                 1.0265,                0.88831,                0.98333,                0.99356,                0.80043,                0.88831,                0.98333,                0.99356,                0.79675,                  1.135,                0.84929,                0.60895,                 1.1178,              0.0001817,              0.0001817,              0.0001817
                    452,                0.79913,                0.74453,                0.50724,                0.98669,                0.88705,                0.98333,                0.98492,                0.80448,                0.88705,                0.98333,                0.98492,                0.80671,                 1.1153,                0.89755,                0.62008,                 1.1198,              0.0001784,              0.0001784,              0.0001784
                    453,                0.76907,                0.73018,                0.50853,                 1.0147,                 0.8937,                0.98333,                0.98483,                  0.815,                 0.8937,                0.98333,                0.98483,                0.80573,                 1.0924,                0.94528,                0.62284,                 1.1236,              0.0001751,              0.0001751,              0.0001751
                    454,                0.78013,                0.68898,                0.49852,                 1.0236,                 0.8973,                0.98333,                 0.9845,                0.80877,                 0.8973,                0.98333,                 0.9845,                0.80641,                 1.0699,                0.98921,                0.63276,                 1.0992,              0.0001718,              0.0001718,              0.0001718
                    455,                 0.7447,                0.67705,                 0.4791,                0.97949,                0.89794,                0.98333,                0.98458,                0.80801,                0.89794,                0.98333,                0.98458,                0.80475,                 1.0718,                 1.0022,                0.62759,                  1.096,              0.0001685,              0.0001685,              0.0001685
                    456,                0.72091,                0.67351,                0.48356,                0.99727,                0.91435,                0.98333,                0.98442,                0.81339,                0.91435,                0.98333,                0.98442,                0.81258,                 1.1132,                0.97491,                0.64352,                 1.1468,              0.0001652,              0.0001652,              0.0001652
                    457,                0.76455,                0.67502,                0.48437,                 1.0043,                0.91878,                0.98217,                0.99452,                0.81321,                0.91878,                0.98217,                0.99452,                0.81617,                 1.1064,                0.95596,                0.64562,                 1.1501,              0.0001619,              0.0001619,              0.0001619
                    458,                 0.7796,                0.68254,                0.51306,                0.99829,                 0.9162,                 0.9746,                0.99406,                0.80877,                 0.9162,                 0.9746,                0.99406,                0.80941,                  1.096,                0.95734,                0.63493,                 1.1336,              0.0001586,              0.0001586,              0.0001586
                    459,                0.81114,                0.68269,                0.53407,                 1.0146,                0.91335,                0.97602,                  0.995,                0.85234,                0.91174,                0.96667,                0.99356,                0.80978,                 1.0728,                 1.0232,                0.63848,                 1.1205,              0.0001553,              0.0001553,              0.0001553
                    460,                0.73314,                0.64738,                  0.487,                 0.9957,                0.91166,                0.98333,                0.99452,                0.85829,                0.89604,                0.96667,                0.99227,                0.81212,                 1.0432,                 1.0734,                0.62786,                   1.13,               0.000152,               0.000152,               0.000152
                    461,                 0.7264,                  0.625,                0.48151,                 1.0085,                0.89302,                0.98333,                0.99073,                0.85424,                0.87966,                0.96667,                 0.9878,                0.80583,                 1.0648,                   1.05,                0.63232,                 1.1579,              0.0001487,              0.0001487,              0.0001487
                    462,                0.85974,                0.81855,                0.53342,                 1.0095,                0.89059,                0.98333,                0.99123,                0.85179,                0.87677,                0.96179,                0.98871,                0.80466,                 1.0852,                 1.0099,                0.63716,                 1.1637,              0.0001454,              0.0001454,              0.0001454
                    463,                 0.7595,                0.70213,                0.51493,                 1.0151,                0.89891,                0.96841,                0.99452,                0.85625,                0.88956,                   0.95,                0.99244,                0.81881,                 1.0913,                0.96237,                0.62324,                 1.1633,              0.0001421,              0.0001421,              0.0001421
                    464,                0.73109,                0.60856,                0.49108,                 1.0209,                0.87808,                0.96667,                0.99403,                0.81238,                0.87808,                0.96667,                0.99403,                0.81378,                 1.0848,                0.95164,                0.60834,                 1.1453,             0.00013879,             0.00013879,             0.00013879
                    465,                0.77393,                0.71092,                0.53673,                 1.0383,                0.88727,                0.98333,                0.98339,                0.81479,                0.88727,                0.98333,                0.98339,                0.81121,                 1.1179,                0.96634,                0.59356,                 1.1574,             0.00013549,             0.00013549,             0.00013549
                    466,                0.77899,                0.73722,                0.52522,                 1.0231,                0.87528,                0.98333,                0.98402,                0.80841,                0.87528,                0.98333,                0.98402,                0.79978,                 1.1337,                0.98055,                0.61455,                 1.1523,             0.00013219,             0.00013219,             0.00013219
                    467,                0.78471,                0.74384,                0.50391,                 1.0074,                0.87701,                0.98333,                0.98502,                0.81616,                0.87701,                0.98333,                0.98502,                0.80479,                 1.1084,                0.97669,                0.60526,                 1.1398,             0.00012889,             0.00012889,             0.00012889
                    468,                0.75873,                0.70125,                0.51425,                  1.002,                0.88494,                0.98333,                0.98593,                 0.8067,                0.88494,                0.98333,                0.98593,                  0.806,                 1.1121,                0.96173,                0.59955,                 1.1599,             0.00012559,             0.00012559,             0.00012559
                    469,                0.72986,                0.68513,                0.48687,                0.96375,                 0.8856,                0.98333,                0.98567,                0.80216,                 0.8856,                0.98333,                0.98567,                 0.8084,                 1.1038,                0.95527,                0.61138,                  1.134,             0.00012229,             0.00012229,             0.00012229
                    470,                0.74672,                0.68895,                0.51076,                 1.0096,                0.88801,                0.98333,                0.98555,                0.80399,                0.88801,                0.98333,                0.98555,                0.80843,                 1.1136,                0.93272,                0.60502,                 1.1537,             0.00011899,             0.00011899,             0.00011899
                    471,                0.76215,                 0.6841,                0.49616,                0.96083,                0.88688,                0.98333,                0.98567,                0.81022,                0.88688,                0.98333,                0.98567,                0.80667,                 1.1028,                0.93417,                0.59182,                 1.1411,             0.00011569,             0.00011569,             0.00011569
                    472,                0.75143,                0.63762,                0.49805,                0.96223,                0.88959,                0.98333,                0.99452,                0.81152,                0.88959,                0.98333,                0.98533,                0.80748,                 1.0791,                0.93805,                 0.6011,                 1.1222,             0.00011239,             0.00011239,             0.00011239
                    473,                0.73211,                0.68652,                0.49797,                 1.0049,                0.89247,                0.98333,                0.98555,                0.81581,                0.89247,                0.98333,                0.98555,                0.81839,                 1.0478,                0.94481,                0.59592,                 1.1188,             0.00010909,             0.00010909,             0.00010909
                    474,                0.72731,                0.77574,                 0.4899,                0.97555,                0.88928,                0.98333,                0.98567,                0.81413,                0.88928,                0.98333,                0.98567,                0.80768,                 1.0489,                0.94214,                0.61482,                 1.1137,             0.00010579,             0.00010579,             0.00010579
                    475,                 0.7713,                0.64068,                0.50658,                0.97592,                0.87705,                0.98333,                0.99452,                0.80881,                0.87933,                0.98333,                0.98567,                0.81433,                 1.0542,                0.93841,                0.62378,                 1.1225,             0.00010249,             0.00010249,             0.00010249
                    476,                0.73586,                0.69039,                 0.4648,                0.98525,                0.87127,                0.98571,                0.99452,                0.81414,                0.87176,                0.98333,                0.98533,                0.81023,                 1.0411,                0.96356,                0.62664,                 1.1063,             9.9187e-05,             9.9187e-05,             9.9187e-05
                    477,                0.71209,                0.69372,                0.48117,                0.96728,                0.87451,                0.98333,                0.98567,                0.81772,                0.87451,                0.98333,                0.98567,                0.80875,                 1.0416,                0.95581,                0.61321,                 1.1121,             9.5886e-05,             9.5886e-05,             9.5886e-05
                    478,                0.72962,                 0.6668,                0.49766,                 1.0061,                 0.8787,                0.98333,                0.98555,                0.87286,                 0.8787,                0.98333,                0.98555,                0.81208,                 1.0418,                0.94339,                0.60418,                  1.108,             9.2585e-05,             9.2585e-05,             9.2585e-05
                    479,                0.77139,                 0.6917,                 0.5286,                0.99482,                0.87894,                0.98333,                0.98502,                0.82351,                0.87894,                0.98333,                0.98502,                0.81627,                 1.0702,                0.94647,                0.59631,                 1.1455,             8.9285e-05,             8.9285e-05,             8.9285e-05
                    480,                0.72232,                0.68485,                0.48405,                0.98568,                0.88098,                0.98333,                0.98533,                 0.8185,                0.88098,                0.98333,                0.98533,                  0.809,                  1.071,                0.95108,                0.58559,                 1.1446,             8.5984e-05,             8.5984e-05,             8.5984e-05
                    481,                0.77002,                0.67537,                0.50877,                0.99979,                0.87961,                0.98333,                0.98533,                0.86387,                0.87961,                0.98333,                0.98533,                0.77197,                  1.068,                0.95053,                0.58607,                 1.1488,             8.2683e-05,             8.2683e-05,             8.2683e-05
                    482,                0.70311,                0.63184,                0.46411,                0.99505,                0.88217,                0.98333,                0.98567,                0.81983,                0.88217,                0.98333,                0.98567,                0.76898,                 1.0776,                0.95388,                0.58692,                 1.1474,             7.9383e-05,             7.9383e-05,             7.9383e-05
                    483,                 0.6797,                0.62295,                0.45415,                 0.9652,                0.88394,                0.98333,                 0.9858,                 0.8226,                0.88394,                0.98333,                 0.9858,                0.77202,                 1.0843,                0.94679,                0.60238,                 1.1544,             7.6082e-05,             7.6082e-05,             7.6082e-05
                    484,                0.75041,                0.62944,                 0.4787,                0.97485,                 0.8862,                0.98333,                 0.9858,                0.81171,                 0.8862,                0.98333,                 0.9858,                0.81042,                 1.0821,                0.93511,                0.61848,                 1.1514,             7.2781e-05,             7.2781e-05,             7.2781e-05
                    485,                0.70266,                0.65184,                0.47981,                0.99182,                0.88489,                0.98333,                0.98555,                0.81506,                0.88489,                0.98333,                0.99406,                0.80946,                 1.0602,                0.93154,                0.61498,                 1.1448,             6.9481e-05,             6.9481e-05,             6.9481e-05
                    486,                0.72814,                0.77913,                0.47012,                0.98602,                 0.8773,                0.98333,                0.98512,                0.81243,                 0.8773,                0.98333,                0.98512,                0.80441,                 1.0373,                0.93991,                0.61758,                 1.1098,              6.618e-05,              6.618e-05,              6.618e-05
                    487,                0.72941,                0.66187,                0.48486,                 1.0173,                 0.8693,                0.98333,                0.98522,                0.81234,                 0.8693,                0.98333,                0.98522,                0.80633,                 1.0486,                0.94289,                0.62016,                 1.1044,             6.2879e-05,             6.2879e-05,             6.2879e-05
                    488,                0.72427,                0.72295,                0.49672,                0.97278,                0.86706,                0.98333,                0.99364,                 0.8112,                0.86706,                0.98333,                0.99364,                0.79831,                  1.047,                0.94482,                0.62292,                 1.0984,             5.9579e-05,             5.9579e-05,             5.9579e-05
                    489,                0.76706,                   0.71,                0.51108,                 1.0069,                0.87176,                0.98333,                 0.9858,                0.80481,                0.87176,                0.98333,                0.99452,                0.79739,                 1.0416,                0.93955,                0.62096,                 1.0993,             5.6278e-05,             5.6278e-05,             5.6278e-05
                    490,                0.72601,                0.64854,                0.46675,                0.98461,                0.88252,                 0.9814,                0.99406,                0.81159,                0.88252,                 0.9814,                0.99406,                0.80762,                  1.028,                0.94675,                0.61399,                 1.0972,             5.2977e-05,             5.2977e-05,             5.2977e-05
                    491,                0.92921,                0.62697,                0.55438,                0.98288,                 0.8855,                0.98024,                0.99406,                0.81906,                0.87809,                0.96667,                0.99313,                0.80782,                 1.0269,                0.94426,                0.61384,                 1.1156,             4.9677e-05,             4.9677e-05,             4.9677e-05
                    492,                0.93319,                0.63241,                0.56357,                0.95501,                0.88313,                0.98333,                0.99452,                0.82151,                0.88313,                0.98333,                0.99452,                0.80659,                  1.014,                0.94306,                0.60571,                 1.1152,             4.6376e-05,             4.6376e-05,             4.6376e-05
                    493,                0.95123,                 0.6294,                0.56337,                0.97758,                0.88035,                0.98333,                0.99406,                0.82635,                0.88035,                0.98333,                0.99406,                0.81066,                 1.0185,                 0.9279,                0.60524,                 1.1169,             4.3075e-05,             4.3075e-05,             4.3075e-05
                    494,                 0.9953,                0.67833,                0.55489,                0.93021,                0.88497,                0.98333,                0.99406,                0.82882,                0.88497,                0.98333,                0.99406,                0.81989,                 1.0271,                0.91513,                0.60067,                 1.1228,             3.9775e-05,             3.9775e-05,             3.9775e-05
                    495,                0.90171,                0.64221,                0.53245,                 0.9281,                0.88832,                0.98333,                0.99406,                0.82642,                0.88832,                0.98333,                0.99406,                0.81232,                 1.0242,                 0.9078,                 0.5964,                 1.1173,             3.6474e-05,             3.6474e-05,             3.6474e-05
                    496,                0.95852,                0.66493,                0.57003,                0.95878,                0.89246,                0.98333,                0.99406,                0.82492,                0.89246,                0.98333,                0.99406,                0.81803,                 1.0068,                0.90065,                0.59679,                 1.1144,             3.3173e-05,             3.3173e-05,             3.3173e-05
                    497,                0.89601,                0.61883,                0.52831,                0.93154,                0.89497,                0.97413,                0.99406,                0.81707,                0.89497,                0.97413,                0.99406,                0.82438,                 0.9925,                0.89282,                 0.6004,                 1.1176,             2.9873e-05,             2.9873e-05,             2.9873e-05
                    498,                0.94314,                0.62012,                0.53668,                0.94457,                0.89552,                0.98333,                0.99406,                0.82338,                0.89552,                0.98333,                0.99406,                   0.82,                 0.9918,                 0.8928,                0.60779,                 1.1302,             2.6572e-05,             2.6572e-05,             2.6572e-05
                    499,                0.95414,                0.63431,                0.55244,                0.94973,                0.89649,                0.98102,                0.99406,                0.82261,                0.89649,                0.98102,                0.99406,                0.82299,                0.99222,                0.88656,                0.60804,                 1.1297,             2.3271e-05,             2.3271e-05,             2.3271e-05
                    500,                0.92472,                 0.6591,                0.54347,                0.94434,                0.90075,                0.97357,                0.99406,                0.83053,                0.90075,                0.97357,                0.99406,                0.82269,                0.99021,                0.89121,                0.61127,                 1.1263,             1.9971e-05,             1.9971e-05,             1.9971e-05
